"report_date_as_yyyy_mm_dd","market_and_exchange_names","cftc_contract_market_code","open_interest_all","m_money_positions_long_all","m_money_positions_short_all"
"2006-06-13T00:00:00.000","PLATINUM - NEW YORK MERCANTILE EXCHANGE","076651","8614","3258","3164"
"2006-06-13T00:00:00.000","PALLADIUM - NEW YORK MERCANTILE EXCHANGE","075651","14355","5375","1686"
"2006-06-20T00:00:00.000","PLATINUM - NEW YORK MERCANTILE EXCHANGE","076651","7379","2964","2018"
"2006-06-20T00:00:00.000","PALLADIUM - NEW YORK MERCANTILE EXCHANGE","075651","13681","5138","1545"
"2006-06-27T00:00:00.000","PALLADIUM - NEW YORK MERCANTILE EXCHANGE","075651","13149","5360","2000"
"2006-06-27T00:00:00.000","PLATINUM - NEW YORK MERCANTILE EXCHANGE","076651","8093","3036","1908"
"2006-07-03T00:00:00.000","PLATINUM - NEW YORK MERCANTILE EXCHANGE","076651","7338","3058","1178"
"2006-07-03T00:00:00.000","PALLADIUM - NEW YORK MERCANTILE EXCHANGE","075651","13423","5734","2040"
"2006-07-11T00:00:00.000","PLATINUM - NEW YORK MERCANTILE EXCHANGE","076651","8213","3897","833"
"2006-07-11T00:00:00.000","PALLADIUM - NEW YORK MERCANTILE EXCHANGE","075651","13895","6219","2042"
"2006-07-18T00:00:00.000","PLATINUM - NEW YORK MERCANTILE EXCHANGE","076651","9022","4471","833"
"2006-07-18T00:00:00.000","PALLADIUM - NEW YORK MERCANTILE EXCHANGE","075651","14132","6617","2064"
"2006-07-25T00:00:00.000","PLATINUM - NEW YORK MERCANTILE EXCHANGE","076651","8567","4145","583"
"2006-07-25T00:00:00.000","PALLADIUM - NEW YORK MERCANTILE EXCHANGE","075651","14535","6643","2064"
"2006-08-01T00:00:00.000","PLATINUM - NEW YORK MERCANTILE EXCHANGE","076651","9272","4789","383"
"2006-08-01T00:00:00.000","PALLADIUM - NEW YORK MERCANTILE EXCHANGE","075651","13587","5876","2064"
"2006-08-08T00:00:00.000","PLATINUM - NEW YORK MERCANTILE EXCHANGE","076651","10176","5083","383"
"2006-08-08T00:00:00.000","PALLADIUM - NEW YORK MERCANTILE EXCHANGE","075651","12388","4419","1587"
"2006-08-15T00:00:00.000","PLATINUM - NEW YORK MERCANTILE EXCHANGE","076651","9948","4901","383"
"2006-08-15T00:00:00.000","PALLADIUM - NEW YORK MERCANTILE EXCHANGE","075651","12911","4497","1087"
"2006-08-22T00:00:00.000","PLATINUM - NEW YORK MERCANTILE EXCHANGE","076651","9877","4588","383"
"2006-08-22T00:00:00.000","PALLADIUM - NEW YORK MERCANTILE EXCHANGE","075651","13074","4706","881"
"2006-08-29T00:00:00.000","PLATINUM - NEW YORK MERCANTILE EXCHANGE","076651","9665","4612","525"
"2006-08-29T00:00:00.000","PALLADIUM - NEW YORK MERCANTILE EXCHANGE","075651","14073","4583","881"
"2006-09-05T00:00:00.000","PLATINUM - NEW YORK MERCANTILE EXCHANGE","076651","10269","5203","575"
"2006-09-05T00:00:00.000","PALLADIUM - NEW YORK MERCANTILE EXCHANGE","075651","11444","4851","1289"
"2006-09-12T00:00:00.000","PLATINUM - NEW YORK MERCANTILE EXCHANGE","076651","9399","4359","600"
"2006-09-12T00:00:00.000","PALLADIUM - NEW YORK MERCANTILE EXCHANGE","075651","11489","4327","1446"
"2006-09-19T00:00:00.000","PLATINUM - NEW YORK MERCANTILE EXCHANGE","076651","8528","3433","550"
"2006-09-19T00:00:00.000","PALLADIUM - NEW YORK MERCANTILE EXCHANGE","075651","10823","3586","1520"
"2006-09-26T00:00:00.000","PALLADIUM - NEW YORK MERCANTILE EXCHANGE","075651","10884","3334","1098"
"2006-09-26T00:00:00.000","PLATINUM - NEW YORK MERCANTILE EXCHANGE","076651","8451","3422","671"
"2006-10-03T00:00:00.000","PLATINUM - NEW YORK MERCANTILE EXCHANGE","076651","7682","3389","863"
"2006-10-03T00:00:00.000","PALLADIUM - NEW YORK MERCANTILE EXCHANGE","075651","11344","3510","1133"
"2006-10-10T00:00:00.000","PLATINUM - NEW YORK MERCANTILE EXCHANGE","076651","6968","2716","1501"
"2006-10-10T00:00:00.000","PALLADIUM - NEW YORK MERCANTILE EXCHANGE","075651","11681","3607","1466"
"2006-10-17T00:00:00.000","PLATINUM - NEW YORK MERCANTILE EXCHANGE","076651","7288","2700","1572"
"2006-10-17T00:00:00.000","PALLADIUM - NEW YORK MERCANTILE EXCHANGE","075651","11498","3767","1337"
"2006-10-24T00:00:00.000","PLATINUM - NEW YORK MERCANTILE EXCHANGE","076651","7046","2530","1426"
"2006-10-24T00:00:00.000","PALLADIUM - NEW YORK MERCANTILE EXCHANGE","075651","12139","2907","1425"
"2006-10-31T00:00:00.000","PLATINUM - NEW YORK MERCANTILE EXCHANGE","076651","7648","2744","1739"
"2006-10-31T00:00:00.000","PALLADIUM - NEW YORK MERCANTILE EXCHANGE","075651","12707","4521","1459"
"2006-11-07T00:00:00.000","PLATINUM - NEW YORK MERCANTILE EXCHANGE","076651","9085","3125","1354"
"2006-11-07T00:00:00.000","PALLADIUM - NEW YORK MERCANTILE EXCHANGE","075651","12963","4904","1396"
"2006-11-14T00:00:00.000","PLATINUM - NEW YORK MERCANTILE EXCHANGE","076651","8258","2942","1336"
"2006-11-14T00:00:00.000","PALLADIUM - NEW YORK MERCANTILE EXCHANGE","075651","12931","4500","1301"
"2006-11-21T00:00:00.000","PLATINUM - NEW YORK MERCANTILE EXCHANGE","076651","7580","2797","804"
"2006-11-21T00:00:00.000","PALLADIUM - NEW YORK MERCANTILE EXCHANGE","075651","12632","3762","1236"
"2006-11-28T00:00:00.000","PALLADIUM - NEW YORK MERCANTILE EXCHANGE","075651","11506","3180","1272"
"2006-11-28T00:00:00.000","PLATINUM - NEW YORK MERCANTILE EXCHANGE","076651","8081","2748","799"
"2006-12-05T00:00:00.000","PLATINUM - NEW YORK MERCANTILE EXCHANGE","076651","8015","2405","791"
"2006-12-05T00:00:00.000","PALLADIUM - NEW YORK MERCANTILE EXCHANGE","075651","11042","3221","1431"
"2006-12-12T00:00:00.000","PLATINUM - NEW YORK MERCANTILE EXCHANGE","076651","8144","2312","757"
"2006-12-12T00:00:00.000","PALLADIUM - NEW YORK MERCANTILE EXCHANGE","075651","11196","3289","1530"
"2006-12-19T00:00:00.000","PLATINUM - NEW YORK MERCANTILE EXCHANGE","076651","8165","2410","741"
"2006-12-19T00:00:00.000","PALLADIUM - NEW YORK MERCANTILE EXCHANGE","075651","11185","3093","1590"
"2006-12-26T00:00:00.000","PALLADIUM - NEW YORK MERCANTILE EXCHANGE","075651","11332","3144","1587"
"2006-12-26T00:00:00.000","PLATINUM - NEW YORK MERCANTILE EXCHANGE","076651","8549","2575","781"
"2007-01-03T00:00:00.000","PLATINUM - NEW YORK MERCANTILE EXCHANGE","076651","8383","3370","805"
"2007-01-03T00:00:00.000","PALLADIUM - NEW YORK MERCANTILE EXCHANGE","075651","12459","4224","1551"
"2007-01-09T00:00:00.000","PLATINUM - NEW YORK MERCANTILE EXCHANGE","076651","8058","2958","975"
"2007-01-09T00:00:00.000","PALLADIUM - NEW YORK MERCANTILE EXCHANGE","075651","12873","4717","1535"
"2007-01-16T00:00:00.000","PLATINUM - NEW YORK MERCANTILE EXCHANGE","076651","8504","3247","776"
"2007-01-16T00:00:00.000","PALLADIUM - NEW YORK MERCANTILE EXCHANGE","075651","12924","4660","1500"
"2007-01-23T00:00:00.000","PLATINUM - NEW YORK MERCANTILE EXCHANGE","076651","9102","3946","725"
"2007-01-23T00:00:00.000","PALLADIUM - NEW YORK MERCANTILE EXCHANGE","075651","14479","5961","1457"
"2007-01-30T00:00:00.000","PLATINUM - NEW YORK MERCANTILE EXCHANGE","076651","9811","4416","790"
"2007-01-30T00:00:00.000","PALLADIUM - NEW YORK MERCANTILE EXCHANGE","075651","15607","6068","1111"
"2007-02-06T00:00:00.000","PLATINUM - NEW YORK MERCANTILE EXCHANGE","076651","10354","4264","883"
"2007-02-06T00:00:00.000","PALLADIUM - NEW YORK MERCANTILE EXCHANGE","075651","15654","5950","1076"
"2007-02-13T00:00:00.000","PLATINUM - NEW YORK MERCANTILE EXCHANGE","076651","10571","4705","1124"
"2007-02-13T00:00:00.000","PALLADIUM - NEW YORK MERCANTILE EXCHANGE","075651","16358","5610","1251"
"2007-02-20T00:00:00.000","PLATINUM - NEW YORK MERCANTILE EXCHANGE","076651","10908","5120","860"
"2007-02-20T00:00:00.000","PALLADIUM - NEW YORK MERCANTILE EXCHANGE","075651","15572","4782","1125"
"2007-02-27T00:00:00.000","PLATINUM - NEW YORK MERCANTILE EXCHANGE","076651","12289","5950","810"
"2007-02-27T00:00:00.000","PALLADIUM - NEW YORK MERCANTILE EXCHANGE","075651","17344","5392","1335"
"2007-03-06T00:00:00.000","PLATINUM - NEW YORK MERCANTILE EXCHANGE","076651","10978","5067","410"
"2007-03-06T00:00:00.000","PALLADIUM - NEW YORK MERCANTILE EXCHANGE","075651","15612","5193","1220"
"2007-03-13T00:00:00.000","PLATINUM - NEW YORK MERCANTILE EXCHANGE","076651","10704","5300","420"
"2007-03-13T00:00:00.000","PALLADIUM - NEW YORK MERCANTILE EXCHANGE","075651","15502","5568","1248"
"2007-03-20T00:00:00.000","PLATINUM - NEW YORK MERCANTILE EXCHANGE","076651","11339","5818","720"
"2007-03-20T00:00:00.000","PALLADIUM - NEW YORK MERCANTILE EXCHANGE","075651","15320","5367","1249"
"2007-03-27T00:00:00.000","PALLADIUM - NEW YORK MERCANTILE EXCHANGE","075651","15673","5497","1391"
"2007-03-27T00:00:00.000","PLATINUM - NEW YORK MERCANTILE EXCHANGE","076651","11320","6010","720"
"2007-04-03T00:00:00.000","PLATINUM - NEW YORK MERCANTILE EXCHANGE","076651","11787","6622","1068"
"2007-04-03T00:00:00.000","PALLADIUM - NEW YORK MERCANTILE EXCHANGE","075651","15692","5566","1238"
"2007-04-10T00:00:00.000","PLATINUM - NEW YORK MERCANTILE EXCHANGE","076651","12684","7113","1199"
"2007-04-10T00:00:00.000","PALLADIUM - NEW YORK MERCANTILE EXCHANGE","075651","16337","6092","1205"
"2007-04-17T00:00:00.000","PLATINUM - NEW YORK MERCANTILE EXCHANGE","076651","13788","7827","1025"
"2007-04-17T00:00:00.000","PALLADIUM - NEW YORK MERCANTILE EXCHANGE","075651","18857","7968","1396"
"2007-04-24T00:00:00.000","PLATINUM - NEW YORK MERCANTILE EXCHANGE","076651","14767","8316","1025"
"2007-04-24T00:00:00.000","PALLADIUM - NEW YORK MERCANTILE EXCHANGE","075651","19881","8944","1508"
"2007-05-01T00:00:00.000","PLATINUM - NEW YORK MERCANTILE EXCHANGE","076651","14652","8524","886"
"2007-05-01T00:00:00.000","PALLADIUM - NEW YORK MERCANTILE EXCHANGE","075651","20105","9616","1310"
"2007-05-08T00:00:00.000","PLATINUM - NEW YORK MERCANTILE EXCHANGE","076651","15130","9129","695"
"2007-05-08T00:00:00.000","PALLADIUM - NEW YORK MERCANTILE EXCHANGE","075651","20373","9693","1278"
"2007-05-15T00:00:00.000","PLATINUM - NEW YORK MERCANTILE EXCHANGE","076651","16081","9992","752"
"2007-05-15T00:00:00.000","PALLADIUM - NEW YORK MERCANTILE EXCHANGE","075651","19975","9114","1297"
"2007-05-22T00:00:00.000","PLATINUM - NEW YORK MERCANTILE EXCHANGE","076651","15141","9388","984"
"2007-05-22T00:00:00.000","PALLADIUM - NEW YORK MERCANTILE EXCHANGE","075651","19106","8911","1272"
"2007-05-29T00:00:00.000","PLATINUM - NEW YORK MERCANTILE EXCHANGE","076651","14738","8770","712"
"2007-05-29T00:00:00.000","PALLADIUM - NEW YORK MERCANTILE EXCHANGE","075651","19332","8982","1344"
"2007-06-05T00:00:00.000","PLATINUM - NEW YORK MERCANTILE EXCHANGE","076651","14730","8726","530"
"2007-06-05T00:00:00.000","PALLADIUM - NEW YORK MERCANTILE EXCHANGE","075651","18107","8755","810"
"2007-06-12T00:00:00.000","PLATINUM - NEW YORK MERCANTILE EXCHANGE","076651","15187","9444","589"
"2007-06-12T00:00:00.000","PALLADIUM - NEW YORK MERCANTILE EXCHANGE","075651","18198","8980","836"
"2007-06-19T00:00:00.000","PLATINUM - NEW YORK MERCANTILE EXCHANGE","076651","15231","9402","535"
"2007-06-19T00:00:00.000","PALLADIUM - NEW YORK MERCANTILE EXCHANGE","075651","18634","9442","834"
"2007-06-26T00:00:00.000","PALLADIUM - NEW YORK MERCANTILE EXCHANGE","075651","18165","9816","713"
"2007-06-26T00:00:00.000","PLATINUM - NEW YORK MERCANTILE EXCHANGE","076651","15288","8316","744"
"2007-07-03T00:00:00.000","PLATINUM - NEW YORK MERCANTILE EXCHANGE","076651","14533","8602","525"
"2007-07-03T00:00:00.000","PALLADIUM - NEW YORK MERCANTILE EXCHANGE","075651","17549","9425","965"
"2007-07-10T00:00:00.000","PLATINUM - NEW YORK MERCANTILE EXCHANGE","076651","15801","9681","758"
"2007-07-10T00:00:00.000","PALLADIUM - NEW YORK MERCANTILE EXCHANGE","075651","17613","9635","866"
"2007-07-17T00:00:00.000","PLATINUM - NEW YORK MERCANTILE EXCHANGE","076651","17001","10564","690"
"2007-07-17T00:00:00.000","PALLADIUM - NEW YORK MERCANTILE EXCHANGE","075651","17724","9870","895"
"2007-07-24T00:00:00.000","PLATINUM - NEW YORK MERCANTILE EXCHANGE","076651","18768","11771","607"
"2007-07-24T00:00:00.000","PALLADIUM - NEW YORK MERCANTILE EXCHANGE","075651","18966","10172","795"
"2007-07-31T00:00:00.000","PLATINUM - NEW YORK MERCANTILE EXCHANGE","076651","14773","7637","375"
"2007-07-31T00:00:00.000","PALLADIUM - NEW YORK MERCANTILE EXCHANGE","075651","18623","10039","1008"
"2007-08-07T00:00:00.000","PLATINUM - NEW YORK MERCANTILE EXCHANGE","076651","14573","7546","433"
"2007-08-07T00:00:00.000","PALLADIUM - NEW YORK MERCANTILE EXCHANGE","075651","18920","9937","986"
"2007-08-14T00:00:00.000","PLATINUM - NEW YORK MERCANTILE EXCHANGE","076651","12933","5695","390"
"2007-08-14T00:00:00.000","PALLADIUM - NEW YORK MERCANTILE EXCHANGE","075651","17996","9197","1552"
"2007-08-21T00:00:00.000","PLATINUM - NEW YORK MERCANTILE EXCHANGE","076651","11119","4371","1001"
"2007-08-21T00:00:00.000","PALLADIUM - NEW YORK MERCANTILE EXCHANGE","075651","17677","8097","1737"
"2007-08-28T00:00:00.000","PLATINUM - NEW YORK MERCANTILE EXCHANGE","076651","10529","4128","828"
"2007-08-28T00:00:00.000","PALLADIUM - NEW YORK MERCANTILE EXCHANGE","075651","17819","7924","2001"
"2007-09-04T00:00:00.000","PLATINUM - NEW YORK MERCANTILE EXCHANGE","076651","10881","3834","710"
"2007-09-04T00:00:00.000","PALLADIUM - NEW YORK MERCANTILE EXCHANGE","075651","16511","8306","2374"
"2007-09-11T00:00:00.000","PLATINUM - NEW YORK MERCANTILE EXCHANGE","076651","11352","4456","633"
"2007-09-11T00:00:00.000","PALLADIUM - NEW YORK MERCANTILE EXCHANGE","075651","16264","7838","2449"
"2007-09-18T00:00:00.000","PLATINUM - NEW YORK MERCANTILE EXCHANGE","076651","12205","5576","684"
"2007-09-18T00:00:00.000","PALLADIUM - NEW YORK MERCANTILE EXCHANGE","075651","15817","7028","2615"
"2007-09-25T00:00:00.000","PALLADIUM - NEW YORK MERCANTILE EXCHANGE","075651","15799","6794","2441"
"2007-09-25T00:00:00.000","PLATINUM - NEW YORK MERCANTILE EXCHANGE","076651","13729","6933","346"
"2007-10-02T00:00:00.000","PLATINUM - NEW YORK MERCANTILE EXCHANGE","076651","14621","7992","1017"
"2007-10-02T00:00:00.000","PALLADIUM - NEW YORK MERCANTILE EXCHANGE","075651","15946","6847","2190"
"2007-10-09T00:00:00.000","PLATINUM - NEW YORK MERCANTILE EXCHANGE","076651","14894","8221","910"
"2007-10-09T00:00:00.000","PALLADIUM - NEW YORK MERCANTILE EXCHANGE","075651","16109","7764","2019"
"2007-10-16T00:00:00.000","PLATINUM - NEW YORK MERCANTILE EXCHANGE","076651","14968","8602","949"
"2007-10-16T00:00:00.000","PALLADIUM - NEW YORK MERCANTILE EXCHANGE","075651","16260","8472","2075"
"2007-10-23T00:00:00.000","PLATINUM - NEW YORK MERCANTILE EXCHANGE","076651","15504","9044","920"
"2007-10-23T00:00:00.000","PALLADIUM - NEW YORK MERCANTILE EXCHANGE","075651","16714","8791","1929"
"2007-10-30T00:00:00.000","PLATINUM - NEW YORK MERCANTILE EXCHANGE","076651","15695","8863","1100"
"2007-10-30T00:00:00.000","PALLADIUM - NEW YORK MERCANTILE EXCHANGE","075651","16473","8223","1983"
"2007-11-06T00:00:00.000","PLATINUM - NEW YORK MERCANTILE EXCHANGE","076651","16382","9510","1300"
"2007-11-06T00:00:00.000","PALLADIUM - NEW YORK MERCANTILE EXCHANGE","075651","17698","8954","2254"
"2007-11-13T00:00:00.000","PLATINUM - NEW YORK MERCANTILE EXCHANGE","076651","13865","7311","1204"
"2007-11-13T00:00:00.000","PALLADIUM - NEW YORK MERCANTILE EXCHANGE","075651","17966","9284","1971"
"2007-11-20T00:00:00.000","PLATINUM - NEW YORK MERCANTILE EXCHANGE","076651","13979","7491","1391"
"2007-11-20T00:00:00.000","PALLADIUM - NEW YORK MERCANTILE EXCHANGE","075651","17371","8856","1789"
"2007-11-27T00:00:00.000","PALLADIUM - NEW YORK MERCANTILE EXCHANGE","075651","16698","7671","1772"
"2007-11-27T00:00:00.000","PLATINUM - NEW YORK MERCANTILE EXCHANGE","076651","13612","6993","1774"
"2007-12-04T00:00:00.000","PLATINUM - NEW YORK MERCANTILE EXCHANGE","076651","13897","7386","1820"
"2007-12-04T00:00:00.000","PALLADIUM - NEW YORK MERCANTILE EXCHANGE","075651","14761","7321","1674"
"2007-12-11T00:00:00.000","PLATINUM - NEW YORK MERCANTILE EXCHANGE","076651","14092","7713","1616"
"2007-12-11T00:00:00.000","PALLADIUM - NEW YORK MERCANTILE EXCHANGE","075651","14332","7127","1568"
"2007-12-18T00:00:00.000","PLATINUM - NEW YORK MERCANTILE EXCHANGE","076651","16213","9011","1668"
"2007-12-18T00:00:00.000","PALLADIUM - NEW YORK MERCANTILE EXCHANGE","075651","14511","7421","1467"
"2007-12-24T00:00:00.000","PALLADIUM - NEW YORK MERCANTILE EXCHANGE","075651","15192","7323","1434"
"2007-12-24T00:00:00.000","PLATINUM - NEW YORK MERCANTILE EXCHANGE","076651","16670","9577","1614"
"2007-12-31T00:00:00.000","PLATINUM - NEW YORK MERCANTILE EXCHANGE","076651","17562","10453","1477"
"2007-12-31T00:00:00.000","PALLADIUM - NEW YORK MERCANTILE EXCHANGE","075651","15978","8220","1265"
"2008-01-08T00:00:00.000","PLATINUM - NEW YORK MERCANTILE EXCHANGE","076651","19500","12144","1737"
"2008-01-08T00:00:00.000","PALLADIUM - NEW YORK MERCANTILE EXCHANGE","075651","17154","9208","1195"
"2008-01-15T00:00:00.000","PLATINUM - NEW YORK MERCANTILE EXCHANGE","076651","17970","10782","1504"
"2008-01-15T00:00:00.000","PALLADIUM - NEW YORK MERCANTILE EXCHANGE","075651","17992","9491","1147"
"2008-01-22T00:00:00.000","PLATINUM - NEW YORK MERCANTILE EXCHANGE","076651","16847","9949","1225"
"2008-01-22T00:00:00.000","PALLADIUM - NEW YORK MERCANTILE EXCHANGE","075651","18074","9904","1087"
"2008-01-29T00:00:00.000","PLATINUM - NEW YORK MERCANTILE EXCHANGE","076651","16759","9559","1689"
"2008-01-29T00:00:00.000","PALLADIUM - NEW YORK MERCANTILE EXCHANGE","075651","20676","11373","990"
"2008-02-05T00:00:00.000","PLATINUM - NEW YORK MERCANTILE EXCHANGE","076651","15705","8956","1578"
"2008-02-05T00:00:00.000","PALLADIUM - NEW YORK MERCANTILE EXCHANGE","075651","20320","9631","633"
"2008-02-12T00:00:00.000","PLATINUM - NEW YORK MERCANTILE EXCHANGE","076651","15135","8037","1773"
"2008-02-12T00:00:00.000","PALLADIUM - NEW YORK MERCANTILE EXCHANGE","075651","20296","8837","641"
"2008-02-19T00:00:00.000","PLATINUM - NEW YORK MERCANTILE EXCHANGE","076651","16153","7725","1393"
"2008-02-19T00:00:00.000","PALLADIUM - NEW YORK MERCANTILE EXCHANGE","075651","20607","8743","823"
"2008-02-26T00:00:00.000","PLATINUM - NEW YORK MERCANTILE EXCHANGE","076651","15486","7696","1574"
"2008-02-26T00:00:00.000","PALLADIUM - NEW YORK MERCANTILE EXCHANGE","075651","22230","8423","679"
"2008-03-04T00:00:00.000","PLATINUM - NEW YORK MERCANTILE EXCHANGE","076651","15014","6861","1346"
"2008-03-04T00:00:00.000","PALLADIUM - NEW YORK MERCANTILE EXCHANGE","075651","21466","8031","999"
"2008-03-11T00:00:00.000","PLATINUM - NEW YORK MERCANTILE EXCHANGE","076651","13669","6407","827"
"2008-03-11T00:00:00.000","PALLADIUM - NEW YORK MERCANTILE EXCHANGE","075651","20606","8200","964"
"2008-03-18T00:00:00.000","PLATINUM - NEW YORK MERCANTILE EXCHANGE","076651","12575","5328","813"
"2008-03-18T00:00:00.000","PALLADIUM - NEW YORK MERCANTILE EXCHANGE","075651","20216","8057","1052"
"2008-03-25T00:00:00.000","PALLADIUM - NEW YORK MERCANTILE EXCHANGE","075651","20188","8717","1056"
"2008-03-25T00:00:00.000","PLATINUM - NEW YORK MERCANTILE EXCHANGE","076651","11413","5517","439"
"2008-04-01T00:00:00.000","PLATINUM - NEW YORK MERCANTILE EXCHANGE","076651","12018","6402","609"
"2008-04-01T00:00:00.000","PALLADIUM - NEW YORK MERCANTILE EXCHANGE","075651","19649","8090","1227"
"2008-04-08T00:00:00.000","PLATINUM - NEW YORK MERCANTILE EXCHANGE","076651","11916","6840","565"
"2008-04-08T00:00:00.000","PALLADIUM - NEW YORK MERCANTILE EXCHANGE","075651","19201","7047","1100"
"2008-04-15T00:00:00.000","PLATINUM - NEW YORK MERCANTILE EXCHANGE","076651","12533","7390","617"
"2008-04-15T00:00:00.000","PALLADIUM - NEW YORK MERCANTILE EXCHANGE","075651","19764","7353","1160"
"2008-04-22T00:00:00.000","PLATINUM - NEW YORK MERCANTILE EXCHANGE","076651","13881","8247","735"
"2008-04-22T00:00:00.000","PALLADIUM - NEW YORK MERCANTILE EXCHANGE","075651","19686","7493","1119"
"2008-04-29T00:00:00.000","PLATINUM - NEW YORK MERCANTILE EXCHANGE","076651","13968","8313","671"
"2008-04-29T00:00:00.000","PALLADIUM - NEW YORK MERCANTILE EXCHANGE","075651","19410","7161","1408"
"2008-05-06T00:00:00.000","PLATINUM - NEW YORK MERCANTILE EXCHANGE","076651","13961","8331","497"
"2008-05-06T00:00:00.000","PALLADIUM - NEW YORK MERCANTILE EXCHANGE","075651","19590","7431","1337"
"2008-05-13T00:00:00.000","PLATINUM - NEW YORK MERCANTILE EXCHANGE","076651","15783","8925","431"
"2008-05-13T00:00:00.000","PALLADIUM - NEW YORK MERCANTILE EXCHANGE","075651","20268","7340","1265"
"2008-05-20T00:00:00.000","PLATINUM - NEW YORK MERCANTILE EXCHANGE","076651","17225","9630","513"
"2008-05-20T00:00:00.000","PALLADIUM - NEW YORK MERCANTILE EXCHANGE","075651","18708","6281","1193"
"2008-05-27T00:00:00.000","PALLADIUM - NEW YORK MERCANTILE EXCHANGE","075651","18352","5738","1088"
"2008-05-27T00:00:00.000","PLATINUM - NEW YORK MERCANTILE EXCHANGE","076651","17295","9827","378"
"2008-06-03T00:00:00.000","PLATINUM - NEW YORK MERCANTILE EXCHANGE","076651","15395","8233","256"
"2008-06-03T00:00:00.000","PALLADIUM - NEW YORK MERCANTILE EXCHANGE","075651","17052","5823","1578"
"2008-06-10T00:00:00.000","PLATINUM - NEW YORK MERCANTILE EXCHANGE","076651","16138","8850","329"
"2008-06-10T00:00:00.000","PALLADIUM - NEW YORK MERCANTILE EXCHANGE","075651","17007","5876","1801"
"2008-06-17T00:00:00.000","PLATINUM - NEW YORK MERCANTILE EXCHANGE","076651","16146","8885","310"
"2008-06-17T00:00:00.000","PALLADIUM - NEW YORK MERCANTILE EXCHANGE","075651","16923","6938","1868"
"2008-06-24T00:00:00.000","PALLADIUM - NEW YORK MERCANTILE EXCHANGE","075651","17078","7122","1905"
"2008-06-24T00:00:00.000","PLATINUM - NEW YORK MERCANTILE EXCHANGE","076651","15051","8582","238"
"2008-07-01T00:00:00.000","PLATINUM - NEW YORK MERCANTILE EXCHANGE","076651","15141","8646","306"
"2008-07-01T00:00:00.000","PALLADIUM - NEW YORK MERCANTILE EXCHANGE","075651","17252","7377","1918"
"2008-07-08T00:00:00.000","PLATINUM - NEW YORK MERCANTILE EXCHANGE","076651","14647","7436","339"
"2008-07-08T00:00:00.000","PALLADIUM - NEW YORK MERCANTILE EXCHANGE","075651","16575","7226","1816"
"2008-07-15T00:00:00.000","PLATINUM - NEW YORK MERCANTILE EXCHANGE","076651","13943","6929","335"
"2008-07-15T00:00:00.000","PALLADIUM - NEW YORK MERCANTILE EXCHANGE","075651","15809","6964","1889"
"2008-07-22T00:00:00.000","PLATINUM - NEW YORK MERCANTILE EXCHANGE","076651","14632","6535","372"
"2008-07-22T00:00:00.000","PALLADIUM - NEW YORK MERCANTILE EXCHANGE","075651","14160","5817","1909"
"2008-07-29T00:00:00.000","PLATINUM - NEW YORK MERCANTILE EXCHANGE","076651","13406","5554","216"
"2008-07-29T00:00:00.000","PALLADIUM - NEW YORK MERCANTILE EXCHANGE","075651","13647","5217","2207"
"2008-08-05T00:00:00.000","PLATINUM - NEW YORK MERCANTILE EXCHANGE","076651","12078","4837","434"
"2008-08-05T00:00:00.000","PALLADIUM - NEW YORK MERCANTILE EXCHANGE","075651","13680","4991","2486"
"2008-08-12T00:00:00.000","PLATINUM - NEW YORK MERCANTILE EXCHANGE","076651","12258","4831","270"
"2008-08-12T00:00:00.000","PALLADIUM - NEW YORK MERCANTILE EXCHANGE","075651","13974","5068","2684"
"2008-08-19T00:00:00.000","PLATINUM - NEW YORK MERCANTILE EXCHANGE","076651","12563","5413","250"
"2008-08-19T00:00:00.000","PALLADIUM - NEW YORK MERCANTILE EXCHANGE","075651","13417","4848","2652"
"2008-08-26T00:00:00.000","PLATINUM - NEW YORK MERCANTILE EXCHANGE","076651","12355","5285","72"
"2008-08-26T00:00:00.000","PALLADIUM - NEW YORK MERCANTILE EXCHANGE","075651","13950","4648","2859"
"2008-09-02T00:00:00.000","PLATINUM - NEW YORK MERCANTILE EXCHANGE","076651","12994","5640","195"
"2008-09-02T00:00:00.000","PALLADIUM - NEW YORK MERCANTILE EXCHANGE","075651","13567","4968","2688"
"2008-09-09T00:00:00.000","PLATINUM - NEW YORK MERCANTILE EXCHANGE","076651","13142","5426","324"
"2008-09-09T00:00:00.000","PALLADIUM - NEW YORK MERCANTILE EXCHANGE","075651","13270","4266","2816"
"2008-09-16T00:00:00.000","PLATINUM - NEW YORK MERCANTILE EXCHANGE","076651","13405","5736","299"
"2008-09-16T00:00:00.000","PALLADIUM - NEW YORK MERCANTILE EXCHANGE","075651","14577","6556","2905"
"2008-09-23T00:00:00.000","PALLADIUM - NEW YORK MERCANTILE EXCHANGE","075651","14984","6935","2705"
"2008-09-23T00:00:00.000","PLATINUM - NEW YORK MERCANTILE EXCHANGE","076651","14572","6823","405"
"2008-09-30T00:00:00.000","PLATINUM - NEW YORK MERCANTILE EXCHANGE","076651","14679","6776","396"
"2008-09-30T00:00:00.000","PALLADIUM - NEW YORK MERCANTILE EXCHANGE","075651","14933","6974","2382"
"2008-10-07T00:00:00.000","PLATINUM - NEW YORK MERCANTILE EXCHANGE","076651","14850","6497","592"
"2008-10-07T00:00:00.000","PALLADIUM - NEW YORK MERCANTILE EXCHANGE","075651","14622","7308","2735"
"2008-10-14T00:00:00.000","PLATINUM - NEW YORK MERCANTILE EXCHANGE","076651","15240","6455","625"
"2008-10-14T00:00:00.000","PALLADIUM - NEW YORK MERCANTILE EXCHANGE","075651","15074","8179","2593"
"2008-10-21T00:00:00.000","PLATINUM - NEW YORK MERCANTILE EXCHANGE","076651","15106","6075","450"
"2008-10-21T00:00:00.000","PALLADIUM - NEW YORK MERCANTILE EXCHANGE","075651","14524","7182","2559"
"2008-10-28T00:00:00.000","PLATINUM - NEW YORK MERCANTILE EXCHANGE","076651","15434","5940","470"
"2008-10-28T00:00:00.000","PALLADIUM - NEW YORK MERCANTILE EXCHANGE","075651","14186","7210","2558"
"2008-11-04T00:00:00.000","PLATINUM - NEW YORK MERCANTILE EXCHANGE","076651","15761","5991","735"
"2008-11-04T00:00:00.000","PALLADIUM - NEW YORK MERCANTILE EXCHANGE","075651","13470","6802","2484"
"2008-11-11T00:00:00.000","PLATINUM - NEW YORK MERCANTILE EXCHANGE","076651","16055","6457","593"
"2008-11-11T00:00:00.000","PALLADIUM - NEW YORK MERCANTILE EXCHANGE","075651","13278","6891","2267"
"2008-11-18T00:00:00.000","PLATINUM - NEW YORK MERCANTILE EXCHANGE","076651","16731","6638","537"
"2008-11-18T00:00:00.000","PALLADIUM - NEW YORK MERCANTILE EXCHANGE","075651","13355","6953","2240"
"2008-11-25T00:00:00.000","PALLADIUM - NEW YORK MERCANTILE EXCHANGE","075651","13294","7076","2346"
"2008-11-25T00:00:00.000","PLATINUM - NEW YORK MERCANTILE EXCHANGE","076651","17358","6710","666"
"2008-12-02T00:00:00.000","PLATINUM - NEW YORK MERCANTILE EXCHANGE","076651","17325","6526","700"
"2008-12-02T00:00:00.000","PALLADIUM - NEW YORK MERCANTILE EXCHANGE","075651","13056","7120","2494"
"2008-12-09T00:00:00.000","PLATINUM - NEW YORK MERCANTILE EXCHANGE","076651","16054","5890","727"
"2008-12-09T00:00:00.000","PALLADIUM - NEW YORK MERCANTILE EXCHANGE","075651","12819","7143","2749"
"2008-12-16T00:00:00.000","PLATINUM - NEW YORK MERCANTILE EXCHANGE","076651","17045","5974","697"
"2008-12-16T00:00:00.000","PALLADIUM - NEW YORK MERCANTILE EXCHANGE","075651","12662","7233","2780"
"2008-12-22T00:00:00.000","PALLADIUM - NEW YORK MERCANTILE EXCHANGE","075651","12557","7114","2710"
"2008-12-22T00:00:00.000","PLATINUM - NEW YORK MERCANTILE EXCHANGE","076651","18191","6233","722"
"2008-12-30T00:00:00.000","PLATINUM - NEW YORK MERCANTILE EXCHANGE","076651","18320","6422","607"
"2008-12-30T00:00:00.000","PALLADIUM - NEW YORK MERCANTILE EXCHANGE","075651","12427","7014","3045"
"2009-01-06T00:00:00.000","PLATINUM - NEW YORK MERCANTILE EXCHANGE","076651","18386","6759","666"
"2009-01-06T00:00:00.000","PALLADIUM - NEW YORK MERCANTILE EXCHANGE","075651","12146","6612","2598"
"2009-01-13T00:00:00.000","PLATINUM - NEW YORK MERCANTILE EXCHANGE","076651","18294","7075","580"
"2009-01-13T00:00:00.000","PALLADIUM - NEW YORK MERCANTILE EXCHANGE","075651","12468","6856","2720"
"2009-01-20T00:00:00.000","PLATINUM - NEW YORK MERCANTILE EXCHANGE","076651","17832","6638","932"
"2009-01-20T00:00:00.000","PALLADIUM - NEW YORK MERCANTILE EXCHANGE","075651","12387","6815","2717"
"2009-01-27T00:00:00.000","PLATINUM - NEW YORK MERCANTILE EXCHANGE","076651","18522","6852","1160"
"2009-01-27T00:00:00.000","PALLADIUM - NEW YORK MERCANTILE EXCHANGE","075651","12759","6882","2704"
"2009-02-03T00:00:00.000","PLATINUM - NEW YORK MERCANTILE EXCHANGE","076651","18927","7310","749"
"2009-02-03T00:00:00.000","PALLADIUM - NEW YORK MERCANTILE EXCHANGE","075651","12423","6695","2619"
"2009-02-10T00:00:00.000","PLATINUM - NEW YORK MERCANTILE EXCHANGE","076651","19945","7747","790"
"2009-02-10T00:00:00.000","PALLADIUM - NEW YORK MERCANTILE EXCHANGE","075651","12760","6876","2485"
"2009-02-17T00:00:00.000","PLATINUM - NEW YORK MERCANTILE EXCHANGE","076651","20510","8621","613"
"2009-02-17T00:00:00.000","PALLADIUM - NEW YORK MERCANTILE EXCHANGE","075651","12750","6604","2443"
"2009-02-24T00:00:00.000","PLATINUM - NEW YORK MERCANTILE EXCHANGE","076651","20870","8650","661"
"2009-02-24T00:00:00.000","PALLADIUM - NEW YORK MERCANTILE EXCHANGE","075651","12505","6215","2577"
"2009-03-03T00:00:00.000","PLATINUM - NEW YORK MERCANTILE EXCHANGE","076651","19443","7965","800"
"2009-03-03T00:00:00.000","PALLADIUM - NEW YORK MERCANTILE EXCHANGE","075651","11460","6228","2753"
"2009-03-10T00:00:00.000","PLATINUM - NEW YORK MERCANTILE EXCHANGE","076651","20175","8301","1347"
"2009-03-10T00:00:00.000","PALLADIUM - NEW YORK MERCANTILE EXCHANGE","075651","12031","6602","2922"
"2009-03-17T00:00:00.000","PLATINUM - NEW YORK MERCANTILE EXCHANGE","076651","19900","7901","1363"
"2009-03-17T00:00:00.000","PALLADIUM - NEW YORK MERCANTILE EXCHANGE","075651","12275","6695","3291"
"2009-03-24T00:00:00.000","PALLADIUM - NEW YORK MERCANTILE EXCHANGE","075651","12363","6810","2832"
"2009-03-24T00:00:00.000","PLATINUM - NEW YORK MERCANTILE EXCHANGE","076651","20940","7941","1590"
"2009-03-31T00:00:00.000","PLATINUM - NEW YORK MERCANTILE EXCHANGE","076651","20101","8150","1888"
"2009-03-31T00:00:00.000","PALLADIUM - NEW YORK MERCANTILE EXCHANGE","075651","13174","7178","2455"
"2009-04-07T00:00:00.000","PLATINUM - NEW YORK MERCANTILE EXCHANGE","076651","20969","8571","1796"
"2009-04-07T00:00:00.000","PALLADIUM - NEW YORK MERCANTILE EXCHANGE","075651","13901","7651","2343"
"2009-04-14T00:00:00.000","PLATINUM - NEW YORK MERCANTILE EXCHANGE","076651","21052","8682","1668"
"2009-04-14T00:00:00.000","PALLADIUM - NEW YORK MERCANTILE EXCHANGE","075651","14759","8106","2103"
"2009-04-21T00:00:00.000","PLATINUM - NEW YORK MERCANTILE EXCHANGE","076651","19879","8388","1947"
"2009-04-21T00:00:00.000","PALLADIUM - NEW YORK MERCANTILE EXCHANGE","075651","14473","7707","2274"
"2009-04-28T00:00:00.000","PLATINUM - NEW YORK MERCANTILE EXCHANGE","076651","19767","8552","2005"
"2009-04-28T00:00:00.000","PALLADIUM - NEW YORK MERCANTILE EXCHANGE","075651","13733","7424","2247"
"2009-05-05T00:00:00.000","PLATINUM - NEW YORK MERCANTILE EXCHANGE","076651","20510","8308","1925"
"2009-05-05T00:00:00.000","PALLADIUM - NEW YORK MERCANTILE EXCHANGE","075651","14342","7877","2425"
"2009-05-12T00:00:00.000","PLATINUM - NEW YORK MERCANTILE EXCHANGE","076651","20600","8218","1907"
"2009-05-12T00:00:00.000","PALLADIUM - NEW YORK MERCANTILE EXCHANGE","075651","15532","8375","2109"
"2009-05-19T00:00:00.000","PLATINUM - NEW YORK MERCANTILE EXCHANGE","076651","21174","8934","2091"
"2009-05-19T00:00:00.000","PALLADIUM - NEW YORK MERCANTILE EXCHANGE","075651","16488","8450","2187"
"2009-05-26T00:00:00.000","PLATINUM - NEW YORK MERCANTILE EXCHANGE","076651","21840","9422","2297"
"2009-05-26T00:00:00.000","PALLADIUM - NEW YORK MERCANTILE EXCHANGE","075651","16195","7876","2077"
"2009-06-02T00:00:00.000","PLATINUM - NEW YORK MERCANTILE EXCHANGE","076651","23162","9610","2335"
"2009-06-02T00:00:00.000","PALLADIUM - NEW YORK MERCANTILE EXCHANGE","075651","16129","8092","1552"
"2009-06-09T00:00:00.000","PLATINUM - NEW YORK MERCANTILE EXCHANGE","076651","24233","11229","2031"
"2009-06-09T00:00:00.000","PALLADIUM - NEW YORK MERCANTILE EXCHANGE","075651","16182","8482","1324"
"2009-06-16T00:00:00.000","PLATINUM - NEW YORK MERCANTILE EXCHANGE","076651","23901","11253","1932"
"2009-06-16T00:00:00.000","PALLADIUM - NEW YORK MERCANTILE EXCHANGE","075651","16465","8838","1897"
"2009-06-23T00:00:00.000","PALLADIUM - NEW YORK MERCANTILE EXCHANGE","075651","16035","8887","1963"
"2009-06-23T00:00:00.000","PLATINUM - NEW YORK MERCANTILE EXCHANGE","076651","23276","11296","786"
"2009-06-30T00:00:00.000","PLATINUM - NEW YORK MERCANTILE EXCHANGE","076651","22996","11306","856"
"2009-06-30T00:00:00.000","PALLADIUM - NEW YORK MERCANTILE EXCHANGE","075651","16444","9521","1889"
"2009-07-07T00:00:00.000","PLATINUM - NEW YORK MERCANTILE EXCHANGE","076651","21965","10870","861"
"2009-07-07T00:00:00.000","PALLADIUM - NEW YORK MERCANTILE EXCHANGE","075651","16819","9420","1945"
"2009-07-14T00:00:00.000","PLATINUM - NEW YORK MERCANTILE EXCHANGE","076651","21566","10807","1344"
"2009-07-14T00:00:00.000","PALLADIUM - NEW YORK MERCANTILE EXCHANGE","075651","16263","8956","2255"
"2009-07-21T00:00:00.000","PLATINUM - NEW YORK MERCANTILE EXCHANGE","076651","21774","11533","1267"
"2009-07-21T00:00:00.000","PALLADIUM - NEW YORK MERCANTILE EXCHANGE","075651","17166","9686","1741"
"2009-07-28T00:00:00.000","PLATINUM - NEW YORK MERCANTILE EXCHANGE","076651","22289","11464","936"
"2009-07-28T00:00:00.000","PALLADIUM - NEW YORK MERCANTILE EXCHANGE","075651","18365","10254","1719"
"2009-08-04T00:00:00.000","PLATINUM - NEW YORK MERCANTILE EXCHANGE","076651","23272","12478","843"
"2009-08-04T00:00:00.000","PALLADIUM - NEW YORK MERCANTILE EXCHANGE","075651","19778","11136","1684"
"2009-08-11T00:00:00.000","PLATINUM - NEW YORK MERCANTILE EXCHANGE","076651","24264","13362","881"
"2009-08-11T00:00:00.000","PALLADIUM - NEW YORK MERCANTILE EXCHANGE","075651","20323","11324","1659"
"2009-08-18T00:00:00.000","PLATINUM - NEW YORK MERCANTILE EXCHANGE","076651","25878","15172","814"
"2009-08-18T00:00:00.000","PALLADIUM - NEW YORK MERCANTILE EXCHANGE","075651","20162","11317","1359"
"2009-08-25T00:00:00.000","PLATINUM - NEW YORK MERCANTILE EXCHANGE","076651","27053","15874","767"
"2009-08-25T00:00:00.000","PALLADIUM - NEW YORK MERCANTILE EXCHANGE","075651","21386","12200","1213"
"2009-09-01T00:00:00.000","PLATINUM - NEW YORK MERCANTILE EXCHANGE","076651","26857","14944","751"
"2009-09-01T00:00:00.000","PALLADIUM - NEW YORK MERCANTILE EXCHANGE","075651","21655","11852","862"
"2009-09-08T00:00:00.000","PLATINUM - NEW YORK MERCANTILE EXCHANGE","076651","26908","15859","647"
"2009-09-08T00:00:00.000","PALLADIUM - NEW YORK MERCANTILE EXCHANGE","075651","22372","12146","712"
"2009-09-15T00:00:00.000","PLATINUM - NEW YORK MERCANTILE EXCHANGE","076651","29051","16928","623"
"2009-09-15T00:00:00.000","PALLADIUM - NEW YORK MERCANTILE EXCHANGE","075651","22121","12390","704"
"2009-09-22T00:00:00.000","PALLADIUM - NEW YORK MERCANTILE EXCHANGE","075651","23181","13223","780"
"2009-09-22T00:00:00.000","PLATINUM - NEW YORK MERCANTILE EXCHANGE","076651","30270","18090","577"
"2009-09-29T00:00:00.000","PLATINUM - NEW YORK MERCANTILE EXCHANGE","076651","28591","17167","653"
"2009-09-29T00:00:00.000","PALLADIUM - NEW YORK MERCANTILE EXCHANGE","075651","20094","10339","980"
"2009-10-06T00:00:00.000","PLATINUM - NEW YORK MERCANTILE EXCHANGE","076651","29743","17893","658"
"2009-10-06T00:00:00.000","PALLADIUM - NEW YORK MERCANTILE EXCHANGE","075651","21223","11183","886"
"2009-10-13T00:00:00.000","PLATINUM - NEW YORK MERCANTILE EXCHANGE","076651","31813","19105","755"
"2009-10-13T00:00:00.000","PALLADIUM - NEW YORK MERCANTILE EXCHANGE","075651","21914","11394","729"
"2009-10-20T00:00:00.000","PLATINUM - NEW YORK MERCANTILE EXCHANGE","076651","32227","18567","859"
"2009-10-20T00:00:00.000","PALLADIUM - NEW YORK MERCANTILE EXCHANGE","075651","22247","11496","686"
"2009-10-27T00:00:00.000","PLATINUM - NEW YORK MERCANTILE EXCHANGE","076651","31649","18046","715"
"2009-10-27T00:00:00.000","PALLADIUM - NEW YORK MERCANTILE EXCHANGE","075651","22694","11807","762"
"2009-11-03T00:00:00.000","PLATINUM - NEW YORK MERCANTILE EXCHANGE","076651","31269","18034","747"
"2009-11-03T00:00:00.000","PALLADIUM - NEW YORK MERCANTILE EXCHANGE","075651","22255","11417","800"
"2009-11-09T00:00:00.000","PLATINUM - NEW YORK MERCANTILE EXCHANGE","076651","32774","18370","628"
"2009-11-09T00:00:00.000","PALLADIUM - NEW YORK MERCANTILE EXCHANGE","075651","22507","11357","676"
"2009-11-17T00:00:00.000","PLATINUM - NEW YORK MERCANTILE EXCHANGE","076651","34656","18987","659"
"2009-11-17T00:00:00.000","PALLADIUM - NEW YORK MERCANTILE EXCHANGE","075651","22534","11430","801"
"2009-11-24T00:00:00.000","PALLADIUM - NEW YORK MERCANTILE EXCHANGE","075651","22916","11469","748"
"2009-11-24T00:00:00.000","PLATINUM - NEW YORK MERCANTILE EXCHANGE","076651","34981","19206","749"
"2009-12-01T00:00:00.000","PLATINUM - NEW YORK MERCANTILE EXCHANGE","076651","35855","19957","699"
"2009-12-01T00:00:00.000","PALLADIUM - NEW YORK MERCANTILE EXCHANGE","075651","23271","12040","727"
"2009-12-08T00:00:00.000","PLATINUM - NEW YORK MERCANTILE EXCHANGE","076651","34120","18477","716"
"2009-12-08T00:00:00.000","PALLADIUM - NEW YORK MERCANTILE EXCHANGE","075651","22904","12151","846"
"2009-12-15T00:00:00.000","PLATINUM - NEW YORK MERCANTILE EXCHANGE","076651","32909","18295","719"
"2009-12-15T00:00:00.000","PALLADIUM - NEW YORK MERCANTILE EXCHANGE","075651","22380","12526","869"
"2009-12-22T00:00:00.000","PALLADIUM - NEW YORK MERCANTILE EXCHANGE","075651","22351","12753","726"
"2009-12-22T00:00:00.000","PLATINUM - NEW YORK MERCANTILE EXCHANGE","076651","32478","17471","693"
"2009-12-29T00:00:00.000","PLATINUM - NEW YORK MERCANTILE EXCHANGE","076651","32473","17398","616"
"2009-12-29T00:00:00.000","PALLADIUM - NEW YORK MERCANTILE EXCHANGE","075651","22402","12414","788"
"2010-01-05T00:00:00.000","PLATINUM - NEW YORK MERCANTILE EXCHANGE","076651","33582","18185","325"
"2010-01-05T00:00:00.000","PALLADIUM - NEW YORK MERCANTILE EXCHANGE","075651","23379","12401","844"
"2010-01-12T00:00:00.000","PLATINUM - NEW YORK MERCANTILE EXCHANGE","076651","34502","18510","537"
"2010-01-12T00:00:00.000","PALLADIUM - NEW YORK MERCANTILE EXCHANGE","075651","23437","11609","1048"
"2010-01-19T00:00:00.000","PLATINUM - NEW YORK MERCANTILE EXCHANGE","076651","34352","19047","910"
"2010-01-19T00:00:00.000","PALLADIUM - NEW YORK MERCANTILE EXCHANGE","075651","23262","11862","1229"
"2010-01-26T00:00:00.000","PLATINUM - NEW YORK MERCANTILE EXCHANGE","076651","34697","18964","1092"
"2010-01-26T00:00:00.000","PALLADIUM - NEW YORK MERCANTILE EXCHANGE","075651","23354","12129","1478"
"2010-02-02T00:00:00.000","PLATINUM - NEW YORK MERCANTILE EXCHANGE","076651","35072","19108","1180"
"2010-02-02T00:00:00.000","PALLADIUM - NEW YORK MERCANTILE EXCHANGE","075651","23024","12450","1631"
"2010-02-09T00:00:00.000","PLATINUM - NEW YORK MERCANTILE EXCHANGE","076651","34325","18220","1155"
"2010-02-09T00:00:00.000","PALLADIUM - NEW YORK MERCANTILE EXCHANGE","075651","22095","12310","1893"
"2010-02-16T00:00:00.000","PLATINUM - NEW YORK MERCANTILE EXCHANGE","076651","35153","18373","1277"
"2010-02-16T00:00:00.000","PALLADIUM - NEW YORK MERCANTILE EXCHANGE","075651","22813","12788","1943"
"2010-02-23T00:00:00.000","PLATINUM - NEW YORK MERCANTILE EXCHANGE","076651","34991","18968","1168"
"2010-02-23T00:00:00.000","PALLADIUM - NEW YORK MERCANTILE EXCHANGE","075651","23459","12800","1934"
"2010-03-02T00:00:00.000","PLATINUM - NEW YORK MERCANTILE EXCHANGE","076651","35096","19588","1060"
"2010-03-02T00:00:00.000","PALLADIUM - NEW YORK MERCANTILE EXCHANGE","075651","21597","12201","2088"
"2010-03-09T00:00:00.000","PLATINUM - NEW YORK MERCANTILE EXCHANGE","076651","35953","20179","1184"
"2010-03-09T00:00:00.000","PALLADIUM - NEW YORK MERCANTILE EXCHANGE","075651","22195","12221","2035"
"2010-03-16T00:00:00.000","PLATINUM - NEW YORK MERCANTILE EXCHANGE","076651","36930","20340","893"
"2010-03-16T00:00:00.000","PALLADIUM - NEW YORK MERCANTILE EXCHANGE","075651","23409","11993","1815"
"2010-03-23T00:00:00.000","PALLADIUM - NEW YORK MERCANTILE EXCHANGE","075651","24170","12181","1806"
"2010-03-23T00:00:00.000","PLATINUM - NEW YORK MERCANTILE EXCHANGE","076651","38255","20578","929"
"2010-03-30T00:00:00.000","PLATINUM - NEW YORK MERCANTILE EXCHANGE","076651","37583","20593","1002"
"2010-03-30T00:00:00.000","PALLADIUM - NEW YORK MERCANTILE EXCHANGE","075651","22924","11653","1634"
"2010-04-06T00:00:00.000","PLATINUM - NEW YORK MERCANTILE EXCHANGE","076651","37763","21119","612"
"2010-04-06T00:00:00.000","PALLADIUM - NEW YORK MERCANTILE EXCHANGE","075651","24075","12435","1594"
"2010-04-13T00:00:00.000","PLATINUM - NEW YORK MERCANTILE EXCHANGE","076651","37422","21781","635"
"2010-04-13T00:00:00.000","PALLADIUM - NEW YORK MERCANTILE EXCHANGE","075651","23923","12639","1465"
"2010-04-20T00:00:00.000","PLATINUM - NEW YORK MERCANTILE EXCHANGE","076651","37178","20892","681"
"2010-04-20T00:00:00.000","PALLADIUM - NEW YORK MERCANTILE EXCHANGE","075651","23490","12861","1447"
"2010-04-27T00:00:00.000","PLATINUM - NEW YORK MERCANTILE EXCHANGE","076651","37251","20494","666"
"2010-04-27T00:00:00.000","PALLADIUM - NEW YORK MERCANTILE EXCHANGE","075651","24037","13793","1509"
"2010-05-04T00:00:00.000","PLATINUM - NEW YORK MERCANTILE EXCHANGE","076651","36320","20099","408"
"2010-05-04T00:00:00.000","PALLADIUM - NEW YORK MERCANTILE EXCHANGE","075651","23682","13992","1336"
"2010-05-11T00:00:00.000","PLATINUM - NEW YORK MERCANTILE EXCHANGE","076651","35673","19278","1002"
"2010-05-11T00:00:00.000","PALLADIUM - NEW YORK MERCANTILE EXCHANGE","075651","24964","15431","1698"
"2010-05-18T00:00:00.000","PLATINUM - NEW YORK MERCANTILE EXCHANGE","076651","35541","19480","926"
"2010-05-18T00:00:00.000","PALLADIUM - NEW YORK MERCANTILE EXCHANGE","075651","23370","13464","1547"
"2010-05-25T00:00:00.000","PLATINUM - NEW YORK MERCANTILE EXCHANGE","076651","30283","14451","1332"
"2010-05-25T00:00:00.000","PALLADIUM - NEW YORK MERCANTILE EXCHANGE","075651","21175","12152","1684"
"2010-06-01T00:00:00.000","PALLADIUM - NEW YORK MERCANTILE EXCHANGE","075651","21271","13099","1743"
"2010-06-01T00:00:00.000","PLATINUM - NEW YORK MERCANTILE EXCHANGE","076651","30293","14765","1745"
"2010-06-08T00:00:00.000","PLATINUM - NEW YORK MERCANTILE EXCHANGE","076651","29728","14453","1253"
"2010-06-08T00:00:00.000","PALLADIUM - NEW YORK MERCANTILE EXCHANGE","075651","21145","12938","1705"
"2010-06-15T00:00:00.000","PLATINUM - NEW YORK MERCANTILE EXCHANGE","076651","30659","14620","1149"
"2010-06-15T00:00:00.000","PALLADIUM - NEW YORK MERCANTILE EXCHANGE","075651","21509","13157","1582"
"2010-06-22T00:00:00.000","PALLADIUM - NEW YORK MERCANTILE EXCHANGE","075651","21790","13270","1746"
"2010-06-22T00:00:00.000","PLATINUM - NEW YORK MERCANTILE EXCHANGE","076651","30667","15165","1025"
"2010-06-29T00:00:00.000","PLATINUM - NEW YORK MERCANTILE EXCHANGE","076651","29497","14517","1429"
"2010-06-29T00:00:00.000","PALLADIUM - NEW YORK MERCANTILE EXCHANGE","075651","20467","11996","1759"
"2010-07-06T00:00:00.000","PLATINUM - NEW YORK MERCANTILE EXCHANGE","076651","28097","13709","1457"
"2010-07-06T00:00:00.000","PALLADIUM - NEW YORK MERCANTILE EXCHANGE","075651","19506","11121","1608"
"2010-07-13T00:00:00.000","PLATINUM - NEW YORK MERCANTILE EXCHANGE","076651","27985","13793","1404"
"2010-07-13T00:00:00.000","PALLADIUM - NEW YORK MERCANTILE EXCHANGE","075651","19679","11888","1434"
"2010-07-20T00:00:00.000","PLATINUM - NEW YORK MERCANTILE EXCHANGE","076651","27646","14165","1443"
"2010-07-20T00:00:00.000","PALLADIUM - NEW YORK MERCANTILE EXCHANGE","075651","19266","11458","1409"
"2010-07-27T00:00:00.000","PLATINUM - NEW YORK MERCANTILE EXCHANGE","076651","28971","15468","1267"
"2010-07-27T00:00:00.000","PALLADIUM - NEW YORK MERCANTILE EXCHANGE","075651","20201","12403","1320"
"2010-08-03T00:00:00.000","PLATINUM - NEW YORK MERCANTILE EXCHANGE","076651","31615","17447","1073"
"2010-08-03T00:00:00.000","PALLADIUM - NEW YORK MERCANTILE EXCHANGE","075651","20692","13010","1310"
"2010-08-10T00:00:00.000","PLATINUM - NEW YORK MERCANTILE EXCHANGE","076651","31262","17478","1031"
"2010-08-10T00:00:00.000","PALLADIUM - NEW YORK MERCANTILE EXCHANGE","075651","19488","11325","1457"
"2010-08-17T00:00:00.000","PLATINUM - NEW YORK MERCANTILE EXCHANGE","076651","31047","17172","1128"
"2010-08-17T00:00:00.000","PALLADIUM - NEW YORK MERCANTILE EXCHANGE","075651","19419","11651","1421"
"2010-08-24T00:00:00.000","PLATINUM - NEW YORK MERCANTILE EXCHANGE","076651","30248","16512","1682"
"2010-08-24T00:00:00.000","PALLADIUM - NEW YORK MERCANTILE EXCHANGE","075651","19378","10829","1301"
"2010-08-31T00:00:00.000","PLATINUM - NEW YORK MERCANTILE EXCHANGE","076651","31010","16231","2173"
"2010-08-31T00:00:00.000","PALLADIUM - NEW YORK MERCANTILE EXCHANGE","075651","20257","12386","1436"
"2010-09-07T00:00:00.000","PLATINUM - NEW YORK MERCANTILE EXCHANGE","076651","32647","17191","1916"
"2010-09-07T00:00:00.000","PALLADIUM - NEW YORK MERCANTILE EXCHANGE","075651","21688","13579","1642"
"2010-09-14T00:00:00.000","PLATINUM - NEW YORK MERCANTILE EXCHANGE","076651","34637","19144","1570"
"2010-09-14T00:00:00.000","PALLADIUM - NEW YORK MERCANTILE EXCHANGE","075651","23010","13918","1542"
"2010-09-21T00:00:00.000","PALLADIUM - NEW YORK MERCANTILE EXCHANGE","075651","23464","13756","1477"
"2010-09-21T00:00:00.000","PLATINUM - NEW YORK MERCANTILE EXCHANGE","076651","37937","22073","1285"
"2010-09-28T00:00:00.000","PLATINUM - NEW YORK MERCANTILE EXCHANGE","076651","38523","21834","1162"
"2010-09-28T00:00:00.000","PALLADIUM - NEW YORK MERCANTILE EXCHANGE","075651","24189","14755","1108"
"2010-10-05T00:00:00.000","PLATINUM - NEW YORK MERCANTILE EXCHANGE","076651","38336","22354","1157"
"2010-10-05T00:00:00.000","PALLADIUM - NEW YORK MERCANTILE EXCHANGE","075651","24364","14070","1155"
"2010-10-12T00:00:00.000","PLATINUM - NEW YORK MERCANTILE EXCHANGE","076651","38698","23071","1216"
"2010-10-12T00:00:00.000","PALLADIUM - NEW YORK MERCANTILE EXCHANGE","075651","24196","14125","1157"
"2010-10-19T00:00:00.000","PLATINUM - NEW YORK MERCANTILE EXCHANGE","076651","38488","23414","1171"
"2010-10-19T00:00:00.000","PALLADIUM - NEW YORK MERCANTILE EXCHANGE","075651","24585","14979","1122"
"2010-10-26T00:00:00.000","PLATINUM - NEW YORK MERCANTILE EXCHANGE","076651","37906","23673","233"
"2010-10-26T00:00:00.000","PALLADIUM - NEW YORK MERCANTILE EXCHANGE","075651","24702","15473","1142"
"2010-11-02T00:00:00.000","PLATINUM - NEW YORK MERCANTILE EXCHANGE","076651","38603","24351","298"
"2010-11-02T00:00:00.000","PALLADIUM - NEW YORK MERCANTILE EXCHANGE","075651","25597","16312","1222"
"2010-11-09T00:00:00.000","PLATINUM - NEW YORK MERCANTILE EXCHANGE","076651","40815","24875","846"
"2010-11-09T00:00:00.000","PALLADIUM - NEW YORK MERCANTILE EXCHANGE","075651","25858","16413","1287"
"2010-11-16T00:00:00.000","PLATINUM - NEW YORK MERCANTILE EXCHANGE","076651","35418","21136","1466"
"2010-11-16T00:00:00.000","PALLADIUM - NEW YORK MERCANTILE EXCHANGE","075651","24029","15127","1599"
"2010-11-23T00:00:00.000","PALLADIUM - NEW YORK MERCANTILE EXCHANGE","075651","24262","13738","1533"
"2010-11-23T00:00:00.000","PLATINUM - NEW YORK MERCANTILE EXCHANGE","076651","34148","20442","1306"
"2010-11-30T00:00:00.000","PLATINUM - NEW YORK MERCANTILE EXCHANGE","076651","34501","20294","1522"
"2010-11-30T00:00:00.000","PALLADIUM - NEW YORK MERCANTILE EXCHANGE","075651","22842","13403","1610"
"2010-12-07T00:00:00.000","PLATINUM - NEW YORK MERCANTILE EXCHANGE","076651","36578","21369","1044"
"2010-12-07T00:00:00.000","PALLADIUM - NEW YORK MERCANTILE EXCHANGE","075651","23157","13265","1506"
"2010-12-14T00:00:00.000","PLATINUM - NEW YORK MERCANTILE EXCHANGE","076651","36520","20718","1187"
"2010-12-14T00:00:00.000","PALLADIUM - NEW YORK MERCANTILE EXCHANGE","075651","23124","13895","1376"
"2010-12-21T00:00:00.000","PALLADIUM - NEW YORK MERCANTILE EXCHANGE","075651","22590","13574","1392"
"2010-12-21T00:00:00.000","PLATINUM - NEW YORK MERCANTILE EXCHANGE","076651","37473","21809","669"
"2010-12-28T00:00:00.000","PLATINUM - NEW YORK MERCANTILE EXCHANGE","076651","38980","22879","654"
"2010-12-28T00:00:00.000","PALLADIUM - NEW YORK MERCANTILE EXCHANGE","075651","23214","13859","1354"
"2011-01-04T00:00:00.000","PLATINUM - NEW YORK MERCANTILE EXCHANGE","076651","39620","23655","787"
"2011-01-04T00:00:00.000","PALLADIUM - NEW YORK MERCANTILE EXCHANGE","075651","23046","14177","1687"
"2011-01-11T00:00:00.000","PLATINUM - NEW YORK MERCANTILE EXCHANGE","076651","38973","23544","752"
"2011-01-11T00:00:00.000","PALLADIUM - NEW YORK MERCANTILE EXCHANGE","075651","22188","13814","1665"
"2011-01-18T00:00:00.000","PLATINUM - NEW YORK MERCANTILE EXCHANGE","076651","41604","26611","634"
"2011-01-18T00:00:00.000","PALLADIUM - NEW YORK MERCANTILE EXCHANGE","075651","22597","13889","1554"
"2011-01-25T00:00:00.000","PLATINUM - NEW YORK MERCANTILE EXCHANGE","076651","41995","25694","735"
"2011-01-25T00:00:00.000","PALLADIUM - NEW YORK MERCANTILE EXCHANGE","075651","21631","13602","1343"
"2011-02-01T00:00:00.000","PLATINUM - NEW YORK MERCANTILE EXCHANGE","076651","42483","26499","687"
"2011-02-01T00:00:00.000","PALLADIUM - NEW YORK MERCANTILE EXCHANGE","075651","22356","13937","1215"
"2011-02-08T00:00:00.000","PLATINUM - NEW YORK MERCANTILE EXCHANGE","076651","43810","27108","591"
"2011-02-08T00:00:00.000","PALLADIUM - NEW YORK MERCANTILE EXCHANGE","075651","23519","14647","1253"
"2011-02-15T00:00:00.000","PLATINUM - NEW YORK MERCANTILE EXCHANGE","076651","41375","25492","771"
"2011-02-15T00:00:00.000","PALLADIUM - NEW YORK MERCANTILE EXCHANGE","075651","22803","14575","1435"
"2011-02-22T00:00:00.000","PLATINUM - NEW YORK MERCANTILE EXCHANGE","076651","41700","25635","1294"
"2011-02-22T00:00:00.000","PALLADIUM - NEW YORK MERCANTILE EXCHANGE","075651","23021","14390","1238"
"2011-03-01T00:00:00.000","PLATINUM - NEW YORK MERCANTILE EXCHANGE","076651","41621","25787","1161"
"2011-03-01T00:00:00.000","PALLADIUM - NEW YORK MERCANTILE EXCHANGE","075651","22457","14285","1396"
"2011-03-08T00:00:00.000","PLATINUM - NEW YORK MERCANTILE EXCHANGE","076651","39640","25481","1189"
"2011-03-08T00:00:00.000","PALLADIUM - NEW YORK MERCANTILE EXCHANGE","075651","23191","13910","1471"
"2011-03-15T00:00:00.000","PLATINUM - NEW YORK MERCANTILE EXCHANGE","076651","35584","21335","1838"
"2011-03-15T00:00:00.000","PALLADIUM - NEW YORK MERCANTILE EXCHANGE","075651","20961","12397","1746"
"2011-03-22T00:00:00.000","PALLADIUM - NEW YORK MERCANTILE EXCHANGE","075651","20574","11382","1615"
"2011-03-22T00:00:00.000","PLATINUM - NEW YORK MERCANTILE EXCHANGE","076651","32752","19001","1545"
"2011-03-29T00:00:00.000","PLATINUM - NEW YORK MERCANTILE EXCHANGE","076651","32556","18995","1118"
"2011-03-29T00:00:00.000","PALLADIUM - NEW YORK MERCANTILE EXCHANGE","075651","20456","10962","1572"
"2011-04-05T00:00:00.000","PLATINUM - NEW YORK MERCANTILE EXCHANGE","076651","33967","20339","909"
"2011-04-05T00:00:00.000","PALLADIUM - NEW YORK MERCANTILE EXCHANGE","075651","21328","11791","1416"
"2011-04-12T00:00:00.000","PLATINUM - NEW YORK MERCANTILE EXCHANGE","076651","35727","21155","845"
"2011-04-12T00:00:00.000","PALLADIUM - NEW YORK MERCANTILE EXCHANGE","075651","22073","12411","1234"
"2011-04-19T00:00:00.000","PLATINUM - NEW YORK MERCANTILE EXCHANGE","076651","35352","20763","962"
"2011-04-19T00:00:00.000","PALLADIUM - NEW YORK MERCANTILE EXCHANGE","075651","21129","11890","1718"
"2011-04-26T00:00:00.000","PLATINUM - NEW YORK MERCANTILE EXCHANGE","076651","37110","21810","870"
"2011-04-26T00:00:00.000","PALLADIUM - NEW YORK MERCANTILE EXCHANGE","075651","21117","12153","1632"
"2011-05-03T00:00:00.000","PLATINUM - NEW YORK MERCANTILE EXCHANGE","076651","40279","24134","873"
"2011-05-03T00:00:00.000","PALLADIUM - NEW YORK MERCANTILE EXCHANGE","075651","21133","12216","1559"
"2011-05-10T00:00:00.000","PLATINUM - NEW YORK MERCANTILE EXCHANGE","076651","36391","21215","833"
"2011-05-10T00:00:00.000","PALLADIUM - NEW YORK MERCANTILE EXCHANGE","075651","20710","10623","2120"
"2011-05-17T00:00:00.000","PLATINUM - NEW YORK MERCANTILE EXCHANGE","076651","35215","19693","1140"
"2011-05-17T00:00:00.000","PALLADIUM - NEW YORK MERCANTILE EXCHANGE","075651","19857","10251","2577"
"2011-05-24T00:00:00.000","PLATINUM - NEW YORK MERCANTILE EXCHANGE","076651","34956","19333","1851"
"2011-05-24T00:00:00.000","PALLADIUM - NEW YORK MERCANTILE EXCHANGE","075651","20122","10894","2406"
"2011-05-31T00:00:00.000","PLATINUM - NEW YORK MERCANTILE EXCHANGE","076651","35121","19765","1408"
"2011-05-31T00:00:00.000","PALLADIUM - NEW YORK MERCANTILE EXCHANGE","075651","20104","11373","1596"
"2011-06-07T00:00:00.000","PLATINUM - NEW YORK MERCANTILE EXCHANGE","076651","36399","20466","858"
"2011-06-07T00:00:00.000","PALLADIUM - NEW YORK MERCANTILE EXCHANGE","075651","22257","13246","1688"
"2011-06-14T00:00:00.000","PLATINUM - NEW YORK MERCANTILE EXCHANGE","076651","37506","21299","1204"
"2011-06-14T00:00:00.000","PALLADIUM - NEW YORK MERCANTILE EXCHANGE","075651","21806","13380","1548"
"2011-06-21T00:00:00.000","PALLADIUM - NEW YORK MERCANTILE EXCHANGE","075651","20244","12231","1428"
"2011-06-21T00:00:00.000","PLATINUM - NEW YORK MERCANTILE EXCHANGE","076651","35659","18683","2213"
"2011-06-28T00:00:00.000","PLATINUM - NEW YORK MERCANTILE EXCHANGE","076651","30935","16413","2519"
"2011-06-28T00:00:00.000","PALLADIUM - NEW YORK MERCANTILE EXCHANGE","075651","19493","11221","1312"
"2011-07-05T00:00:00.000","PLATINUM - NEW YORK MERCANTILE EXCHANGE","076651","31245","17018","2475"
"2011-07-05T00:00:00.000","PALLADIUM - NEW YORK MERCANTILE EXCHANGE","075651","19924","11751","1123"
"2011-07-12T00:00:00.000","PLATINUM - NEW YORK MERCANTILE EXCHANGE","076651","31373","17305","2776"
"2011-07-12T00:00:00.000","PALLADIUM - NEW YORK MERCANTILE EXCHANGE","075651","20561","12785","1002"
"2011-07-19T00:00:00.000","PLATINUM - NEW YORK MERCANTILE EXCHANGE","076651","31999","17594","1472"
"2011-07-19T00:00:00.000","PALLADIUM - NEW YORK MERCANTILE EXCHANGE","075651","22059","13807","1160"
"2011-07-26T00:00:00.000","PLATINUM - NEW YORK MERCANTILE EXCHANGE","076651","33843","19344","1181"
"2011-07-26T00:00:00.000","PALLADIUM - NEW YORK MERCANTILE EXCHANGE","075651","23930","15537","1077"
"2011-08-02T00:00:00.000","PLATINUM - NEW YORK MERCANTILE EXCHANGE","076651","35099","19901","638"
"2011-08-02T00:00:00.000","PALLADIUM - NEW YORK MERCANTILE EXCHANGE","075651","25086","15481","906"
"2011-08-09T00:00:00.000","PLATINUM - NEW YORK MERCANTILE EXCHANGE","076651","36046","18747","1321"
"2011-08-09T00:00:00.000","PALLADIUM - NEW YORK MERCANTILE EXCHANGE","075651","22034","12507","1171"
"2011-08-16T00:00:00.000","PLATINUM - NEW YORK MERCANTILE EXCHANGE","076651","36041","21234","874"
"2011-08-16T00:00:00.000","PALLADIUM - NEW YORK MERCANTILE EXCHANGE","075651","21268","12699","1190"
"2011-08-23T00:00:00.000","PLATINUM - NEW YORK MERCANTILE EXCHANGE","076651","40688","23278","824"
"2011-08-23T00:00:00.000","PALLADIUM - NEW YORK MERCANTILE EXCHANGE","075651","20775","12162","1036"
"2011-08-30T00:00:00.000","PLATINUM - NEW YORK MERCANTILE EXCHANGE","076651","39104","21584","706"
"2011-08-30T00:00:00.000","PALLADIUM - NEW YORK MERCANTILE EXCHANGE","075651","20360","11965","1063"
"2011-09-06T00:00:00.000","PLATINUM - NEW YORK MERCANTILE EXCHANGE","076651","42146","23033","989"
"2011-09-06T00:00:00.000","PALLADIUM - NEW YORK MERCANTILE EXCHANGE","075651","20813","11882","984"
"2011-09-13T00:00:00.000","PLATINUM - NEW YORK MERCANTILE EXCHANGE","076651","41298","21274","800"
"2011-09-13T00:00:00.000","PALLADIUM - NEW YORK MERCANTILE EXCHANGE","075651","19501","11087","1869"
"2011-09-20T00:00:00.000","PALLADIUM - NEW YORK MERCANTILE EXCHANGE","075651","19799","10579","1797"
"2011-09-20T00:00:00.000","PLATINUM - NEW YORK MERCANTILE EXCHANGE","076651","38408","18229","1355"
"2011-09-27T00:00:00.000","PLATINUM - NEW YORK MERCANTILE EXCHANGE","076651","37708","15895","1736"
"2011-09-27T00:00:00.000","PALLADIUM - NEW YORK MERCANTILE EXCHANGE","075651","18739","9354","2340"
"2011-10-04T00:00:00.000","PLATINUM - NEW YORK MERCANTILE EXCHANGE","076651","38401","17050","3223"
"2011-10-04T00:00:00.000","PALLADIUM - NEW YORK MERCANTILE EXCHANGE","075651","19516","9253","2541"
"2011-10-11T00:00:00.000","PLATINUM - NEW YORK MERCANTILE EXCHANGE","076651","38519","16740","4144"
"2011-10-11T00:00:00.000","PALLADIUM - NEW YORK MERCANTILE EXCHANGE","075651","19067","9327","2645"
"2011-10-18T00:00:00.000","PLATINUM - NEW YORK MERCANTILE EXCHANGE","076651","37657","17054","3950"
"2011-10-18T00:00:00.000","PALLADIUM - NEW YORK MERCANTILE EXCHANGE","075651","19398","9329","2827"
"2011-10-25T00:00:00.000","PLATINUM - NEW YORK MERCANTILE EXCHANGE","076651","37291","16383","4287"
"2011-10-25T00:00:00.000","PALLADIUM - NEW YORK MERCANTILE EXCHANGE","075651","18747","8732","2525"
"2011-11-01T00:00:00.000","PLATINUM - NEW YORK MERCANTILE EXCHANGE","076651","37948","17292","4011"
"2011-11-01T00:00:00.000","PALLADIUM - NEW YORK MERCANTILE EXCHANGE","075651","18667","8519","2536"
"2011-11-08T00:00:00.000","PLATINUM - NEW YORK MERCANTILE EXCHANGE","076651","38852","17822","3504"
"2011-11-08T00:00:00.000","PALLADIUM - NEW YORK MERCANTILE EXCHANGE","075651","19327","8748","2276"
"2011-11-15T00:00:00.000","PLATINUM - NEW YORK MERCANTILE EXCHANGE","076651","38552","18173","3457"
"2011-11-15T00:00:00.000","PALLADIUM - NEW YORK MERCANTILE EXCHANGE","075651","18847","9398","2491"
"2011-11-22T00:00:00.000","PALLADIUM - NEW YORK MERCANTILE EXCHANGE","075651","19793","8896","3123"
"2011-11-22T00:00:00.000","PLATINUM - NEW YORK MERCANTILE EXCHANGE","076651","38807","17806","4247"
"2011-11-29T00:00:00.000","PLATINUM - NEW YORK MERCANTILE EXCHANGE","076651","38820","17588","4790"
"2011-11-29T00:00:00.000","PALLADIUM - NEW YORK MERCANTILE EXCHANGE","075651","19847","8822","3629"
"2011-12-06T00:00:00.000","PLATINUM - NEW YORK MERCANTILE EXCHANGE","076651","41893","19576","7148"
"2011-12-06T00:00:00.000","PALLADIUM - NEW YORK MERCANTILE EXCHANGE","075651","19774","9089","3257"
"2011-12-13T00:00:00.000","PLATINUM - NEW YORK MERCANTILE EXCHANGE","076651","43600","19865","8177"
"2011-12-13T00:00:00.000","PALLADIUM - NEW YORK MERCANTILE EXCHANGE","075651","18430","8360","2954"
"2011-12-20T00:00:00.000","PALLADIUM - NEW YORK MERCANTILE EXCHANGE","075651","18287","8086","3211"
"2011-12-20T00:00:00.000","PLATINUM - NEW YORK MERCANTILE EXCHANGE","076651","43456","20271","8825"
"2011-12-27T00:00:00.000","PLATINUM - NEW YORK MERCANTILE EXCHANGE","076651","42938","20389","9112"
"2011-12-27T00:00:00.000","PALLADIUM - NEW YORK MERCANTILE EXCHANGE","075651","17523","8175","3084"
"2012-01-03T00:00:00.000","PLATINUM - NEW YORK MERCANTILE EXCHANGE","076651","42476","20677","8927"
"2012-01-03T00:00:00.000","PALLADIUM - NEW YORK MERCANTILE EXCHANGE","075651","17570","7737","3364"
"2012-01-10T00:00:00.000","PLATINUM - NEW YORK MERCANTILE EXCHANGE","076651","43692","21149","8767"
"2012-01-10T00:00:00.000","PALLADIUM - NEW YORK MERCANTILE EXCHANGE","075651","17756","7196","3835"
"2012-01-17T00:00:00.000","PLATINUM - NEW YORK MERCANTILE EXCHANGE","076651","43849","22124","8131"
"2012-01-17T00:00:00.000","PALLADIUM - NEW YORK MERCANTILE EXCHANGE","075651","17518","7351","3721"
"2012-01-24T00:00:00.000","PLATINUM - NEW YORK MERCANTILE EXCHANGE","076651","44105","22110","7144"
"2012-01-24T00:00:00.000","PALLADIUM - NEW YORK MERCANTILE EXCHANGE","075651","18099","7839","2103"
"2012-01-31T00:00:00.000","PLATINUM - NEW YORK MERCANTILE EXCHANGE","076651","45030","22379","5026"
"2012-01-31T00:00:00.000","PALLADIUM - NEW YORK MERCANTILE EXCHANGE","075651","19398","8686","1939"
"2012-02-07T00:00:00.000","PLATINUM - NEW YORK MERCANTILE EXCHANGE","076651","44584","22913","3928"
"2012-02-07T00:00:00.000","PALLADIUM - NEW YORK MERCANTILE EXCHANGE","075651","20900","9512","1341"
"2012-02-14T00:00:00.000","PLATINUM - NEW YORK MERCANTILE EXCHANGE","076651","44020","22807","2150"
"2012-02-14T00:00:00.000","PALLADIUM - NEW YORK MERCANTILE EXCHANGE","075651","20984","10320","1141"
"2012-02-21T00:00:00.000","PLATINUM - NEW YORK MERCANTILE EXCHANGE","076651","44580","23009","1862"
"2012-02-21T00:00:00.000","PALLADIUM - NEW YORK MERCANTILE EXCHANGE","075651","20904","10529","1014"
"2012-02-28T00:00:00.000","PLATINUM - NEW YORK MERCANTILE EXCHANGE","076651","45337","22254","1502"
"2012-02-28T00:00:00.000","PALLADIUM - NEW YORK MERCANTILE EXCHANGE","075651","21864","11469","1433"
"2012-03-06T00:00:00.000","PLATINUM - NEW YORK MERCANTILE EXCHANGE","076651","42850","21772","1311"
"2012-03-06T00:00:00.000","PALLADIUM - NEW YORK MERCANTILE EXCHANGE","075651","20262","10118","1420"
"2012-03-13T00:00:00.000","PLATINUM - NEW YORK MERCANTILE EXCHANGE","076651","43268","21369","1609"
"2012-03-13T00:00:00.000","PALLADIUM - NEW YORK MERCANTILE EXCHANGE","075651","21155","11442","1426"
"2012-03-20T00:00:00.000","PALLADIUM - NEW YORK MERCANTILE EXCHANGE","075651","21656","11306","1767"
"2012-03-20T00:00:00.000","PLATINUM - NEW YORK MERCANTILE EXCHANGE","076651","43502","21142","1854"
"2012-03-27T00:00:00.000","PLATINUM - NEW YORK MERCANTILE EXCHANGE","076651","41855","18961","2668"
"2012-03-27T00:00:00.000","PALLADIUM - NEW YORK MERCANTILE EXCHANGE","075651","20439","8848","1944"
"2012-04-03T00:00:00.000","PLATINUM - NEW YORK MERCANTILE EXCHANGE","076651","40490","19083","1875"
"2012-04-03T00:00:00.000","PALLADIUM - NEW YORK MERCANTILE EXCHANGE","075651","21003","8373","2551"
"2012-04-10T00:00:00.000","PLATINUM - NEW YORK MERCANTILE EXCHANGE","076651","39814","17637","3394"
"2012-04-10T00:00:00.000","PALLADIUM - NEW YORK MERCANTILE EXCHANGE","075651","20821","7969","3552"
"2012-04-17T00:00:00.000","PLATINUM - NEW YORK MERCANTILE EXCHANGE","076651","40585","17810","4791"
"2012-04-17T00:00:00.000","PALLADIUM - NEW YORK MERCANTILE EXCHANGE","075651","21466","8478","3760"
"2012-04-24T00:00:00.000","PLATINUM - NEW YORK MERCANTILE EXCHANGE","076651","40823","17108","7176"
"2012-04-24T00:00:00.000","PALLADIUM - NEW YORK MERCANTILE EXCHANGE","075651","21513","8838","3378"
"2012-05-01T00:00:00.000","PLATINUM - NEW YORK MERCANTILE EXCHANGE","076651","41810","18697","7356"
"2012-05-01T00:00:00.000","PALLADIUM - NEW YORK MERCANTILE EXCHANGE","075651","21576","9421","3108"
"2012-05-08T00:00:00.000","PLATINUM - NEW YORK MERCANTILE EXCHANGE","076651","43091","18830","9193"
"2012-05-08T00:00:00.000","PALLADIUM - NEW YORK MERCANTILE EXCHANGE","075651","21816","8212","3887"
"2012-05-15T00:00:00.000","PLATINUM - NEW YORK MERCANTILE EXCHANGE","076651","45020","19190","11329"
"2012-05-15T00:00:00.000","PALLADIUM - NEW YORK MERCANTILE EXCHANGE","075651","22652","8349","5885"
"2012-05-22T00:00:00.000","PALLADIUM - NEW YORK MERCANTILE EXCHANGE","075651","24228","8287","6670"
"2012-05-22T00:00:00.000","PLATINUM - NEW YORK MERCANTILE EXCHANGE","076651","47012","19542","13713"
"2012-05-29T00:00:00.000","PALLADIUM - NEW YORK MERCANTILE EXCHANGE","075651","24325","9035","6858"
"2012-05-29T00:00:00.000","PLATINUM - NEW YORK MERCANTILE EXCHANGE","076651","48449","20534","13909"
"2012-06-05T00:00:00.000","PLATINUM - NEW YORK MERCANTILE EXCHANGE","076651","49838","20958","14444"
"2012-06-05T00:00:00.000","PALLADIUM - NEW YORK MERCANTILE EXCHANGE","075651","22719","9348","6336"
"2012-06-12T00:00:00.000","PLATINUM - NEW YORK MERCANTILE EXCHANGE","076651","50036","21909","13573"
"2012-06-12T00:00:00.000","PALLADIUM - NEW YORK MERCANTILE EXCHANGE","075651","22030","10084","5646"
"2012-06-19T00:00:00.000","PALLADIUM - NEW YORK MERCANTILE EXCHANGE","075651","21017","10171","5127"
"2012-06-19T00:00:00.000","PLATINUM - NEW YORK MERCANTILE EXCHANGE","076651","51831","23082","13065"
"2012-06-26T00:00:00.000","PLATINUM - NEW YORK MERCANTILE EXCHANGE","076651","50349","23611","13380"
"2012-06-26T00:00:00.000","PALLADIUM - NEW YORK MERCANTILE EXCHANGE","075651","21646","10023","6199"
"2012-07-03T00:00:00.000","PLATINUM - NEW YORK MERCANTILE EXCHANGE","076651","49442","24107","12494"
"2012-07-03T00:00:00.000","PALLADIUM - NEW YORK MERCANTILE EXCHANGE","075651","21977","9907","6459"
"2012-07-10T00:00:00.000","PLATINUM - NEW YORK MERCANTILE EXCHANGE","076651","48715","23703","12438"
"2012-07-10T00:00:00.000","PALLADIUM - NEW YORK MERCANTILE EXCHANGE","075651","22172","10189","6849"
"2012-07-17T00:00:00.000","PLATINUM - NEW YORK MERCANTILE EXCHANGE","076651","49929","23546","13544"
"2012-07-17T00:00:00.000","PALLADIUM - NEW YORK MERCANTILE EXCHANGE","075651","22056","9977","6629"
"2012-07-24T00:00:00.000","PLATINUM - NEW YORK MERCANTILE EXCHANGE","076651","51043","23556","14047"
"2012-07-24T00:00:00.000","PALLADIUM - NEW YORK MERCANTILE EXCHANGE","075651","23826","9819","7013"
"2012-07-31T00:00:00.000","PLATINUM - NEW YORK MERCANTILE EXCHANGE","076651","52220","22914","14518"
"2012-07-31T00:00:00.000","PALLADIUM - NEW YORK MERCANTILE EXCHANGE","075651","23698","9722","6911"
"2012-08-07T00:00:00.000","PLATINUM - NEW YORK MERCANTILE EXCHANGE","076651","53246","23125","14498"
"2012-08-07T00:00:00.000","PALLADIUM - NEW YORK MERCANTILE EXCHANGE","075651","24204","9952","6935"
"2012-08-14T00:00:00.000","PLATINUM - NEW YORK MERCANTILE EXCHANGE","076651","54074","22699","15667"
"2012-08-14T00:00:00.000","PALLADIUM - NEW YORK MERCANTILE EXCHANGE","075651","24007","9927","7130"
"2012-08-21T00:00:00.000","PLATINUM - NEW YORK MERCANTILE EXCHANGE","076651","54526","26676","11709"
"2012-08-21T00:00:00.000","PALLADIUM - NEW YORK MERCANTILE EXCHANGE","075651","24291","10624","5750"
"2012-08-28T00:00:00.000","PLATINUM - NEW YORK MERCANTILE EXCHANGE","076651","54458","28472","8713"
"2012-08-28T00:00:00.000","PALLADIUM - NEW YORK MERCANTILE EXCHANGE","075651","21730","10508","3914"
"2012-09-04T00:00:00.000","PLATINUM - NEW YORK MERCANTILE EXCHANGE","076651","54977","29186","7847"
"2012-09-04T00:00:00.000","PALLADIUM - NEW YORK MERCANTILE EXCHANGE","075651","19901","10223","3357"
"2012-09-11T00:00:00.000","PLATINUM - NEW YORK MERCANTILE EXCHANGE","076651","56375","29310","5639"
"2012-09-11T00:00:00.000","PALLADIUM - NEW YORK MERCANTILE EXCHANGE","075651","19154","9285","2087"
"2012-09-18T00:00:00.000","PALLADIUM - NEW YORK MERCANTILE EXCHANGE","075651","20377","10463","1551"
"2012-09-18T00:00:00.000","PLATINUM - NEW YORK MERCANTILE EXCHANGE","076651","57118","31853","4147"
"2012-09-25T00:00:00.000","PLATINUM - NEW YORK MERCANTILE EXCHANGE","076651","58824","33857","3486"
"2012-09-25T00:00:00.000","PALLADIUM - NEW YORK MERCANTILE EXCHANGE","075651","20057","10631","1385"
"2012-10-02T00:00:00.000","PLATINUM - NEW YORK MERCANTILE EXCHANGE","076651","60889","36207","3141"
"2012-10-02T00:00:00.000","PALLADIUM - NEW YORK MERCANTILE EXCHANGE","075651","20458","10900","1309"
"2012-10-09T00:00:00.000","PLATINUM - NEW YORK MERCANTILE EXCHANGE","076651","64674","39625","3245"
"2012-10-09T00:00:00.000","PALLADIUM - NEW YORK MERCANTILE EXCHANGE","075651","20295","11436","1482"
"2012-10-16T00:00:00.000","PLATINUM - NEW YORK MERCANTILE EXCHANGE","076651","64707","40232","2723"
"2012-10-16T00:00:00.000","PALLADIUM - NEW YORK MERCANTILE EXCHANGE","075651","19725","10749","1338"
"2012-10-23T00:00:00.000","PLATINUM - NEW YORK MERCANTILE EXCHANGE","076651","62200","38129","3497"
"2012-10-23T00:00:00.000","PALLADIUM - NEW YORK MERCANTILE EXCHANGE","075651","19885","9554","1938"
"2012-10-30T00:00:00.000","PLATINUM - NEW YORK MERCANTILE EXCHANGE","076651","61449","35929","4666"
"2012-10-30T00:00:00.000","PALLADIUM - NEW YORK MERCANTILE EXCHANGE","075651","20761","9279","3206"
"2012-11-06T00:00:00.000","PLATINUM - NEW YORK MERCANTILE EXCHANGE","076651","60132","31883","4213"
"2012-11-06T00:00:00.000","PALLADIUM - NEW YORK MERCANTILE EXCHANGE","075651","21665","9857","3385"
"2012-11-13T00:00:00.000","PLATINUM - NEW YORK MERCANTILE EXCHANGE","076651","60470","30472","4927"
"2012-11-13T00:00:00.000","PALLADIUM - NEW YORK MERCANTILE EXCHANGE","075651","21933","10127","2906"
"2012-11-20T00:00:00.000","PALLADIUM - NEW YORK MERCANTILE EXCHANGE","075651","21897","11144","2022"
"2012-11-20T00:00:00.000","PLATINUM - NEW YORK MERCANTILE EXCHANGE","076651","59533","28440","4738"
"2012-11-27T00:00:00.000","PLATINUM - NEW YORK MERCANTILE EXCHANGE","076651","61261","31150","4379"
"2012-11-27T00:00:00.000","PALLADIUM - NEW YORK MERCANTILE EXCHANGE","075651","22786","12174","1384"
"2012-12-04T00:00:00.000","PLATINUM - NEW YORK MERCANTILE EXCHANGE","076651","61309","32264","4312"
"2012-12-04T00:00:00.000","PALLADIUM - NEW YORK MERCANTILE EXCHANGE","075651","23194","14773","695"
"2012-12-11T00:00:00.000","PLATINUM - NEW YORK MERCANTILE EXCHANGE","076651","63805","34813","3559"
"2012-12-11T00:00:00.000","PALLADIUM - NEW YORK MERCANTILE EXCHANGE","075651","24856","16043","1088"
"2012-12-18T00:00:00.000","PALLADIUM - NEW YORK MERCANTILE EXCHANGE","075651","26517","17773","1719"
"2012-12-18T00:00:00.000","PLATINUM - NEW YORK MERCANTILE EXCHANGE","076651","64501","36028","2782"
"2012-12-24T00:00:00.000","PLATINUM - NEW YORK MERCANTILE EXCHANGE","076651","62466","32328","3686"
"2012-12-24T00:00:00.000","PALLADIUM - NEW YORK MERCANTILE EXCHANGE","075651","26325","17838","1392"
"2012-12-31T00:00:00.000","PLATINUM - NEW YORK MERCANTILE EXCHANGE","076651","59593","32381","4887"
"2012-12-31T00:00:00.000","PALLADIUM - NEW YORK MERCANTILE EXCHANGE","075651","28532","19238","1390"
"2013-01-08T00:00:00.000","PLATINUM - NEW YORK MERCANTILE EXCHANGE","076651","62313","34157","5508"
"2013-01-08T00:00:00.000","PALLADIUM - NEW YORK MERCANTILE EXCHANGE","075651","27462","16731","1575"
"2013-01-15T00:00:00.000","PLATINUM - NEW YORK MERCANTILE EXCHANGE","076651","63266","36200","1999"
"2013-01-15T00:00:00.000","PALLADIUM - NEW YORK MERCANTILE EXCHANGE","075651","29944","18100","1970"
"2013-01-22T00:00:00.000","PLATINUM - NEW YORK MERCANTILE EXCHANGE","076651","64784","40128","2260"
"2013-01-22T00:00:00.000","PALLADIUM - NEW YORK MERCANTILE EXCHANGE","075651","31940","20195","1812"
"2013-01-29T00:00:00.000","PLATINUM - NEW YORK MERCANTILE EXCHANGE","076651","68157","42734","2626"
"2013-01-29T00:00:00.000","PALLADIUM - NEW YORK MERCANTILE EXCHANGE","075651","35172","23951","2129"
"2013-02-05T00:00:00.000","PLATINUM - NEW YORK MERCANTILE EXCHANGE","076651","71955","43745","2965"
"2013-02-05T00:00:00.000","PALLADIUM - NEW YORK MERCANTILE EXCHANGE","075651","37627","24877","2491"
"2013-02-12T00:00:00.000","PLATINUM - NEW YORK MERCANTILE EXCHANGE","076651","73657","42716","1870"
"2013-02-12T00:00:00.000","PALLADIUM - NEW YORK MERCANTILE EXCHANGE","075651","38763","25566","2215"
"2013-02-19T00:00:00.000","PLATINUM - NEW YORK MERCANTILE EXCHANGE","076651","72215","40600","1174"
"2013-02-19T00:00:00.000","PALLADIUM - NEW YORK MERCANTILE EXCHANGE","075651","38162","25367","2491"
"2013-02-26T00:00:00.000","PLATINUM - NEW YORK MERCANTILE EXCHANGE","076651","66162","33969","1608"
"2013-02-26T00:00:00.000","PALLADIUM - NEW YORK MERCANTILE EXCHANGE","075651","34819","23348","1363"
"2013-03-05T00:00:00.000","PLATINUM - NEW YORK MERCANTILE EXCHANGE","076651","64689","31967","1962"
"2013-03-05T00:00:00.000","PALLADIUM - NEW YORK MERCANTILE EXCHANGE","075651","34479","23567","1465"
"2013-03-12T00:00:00.000","PLATINUM - NEW YORK MERCANTILE EXCHANGE","076651","65079","30720","3192"
"2013-03-12T00:00:00.000","PALLADIUM - NEW YORK MERCANTILE EXCHANGE","075651","38141","25615","1001"
"2013-03-19T00:00:00.000","PALLADIUM - NEW YORK MERCANTILE EXCHANGE","075651","37671","25515","1270"
"2013-03-19T00:00:00.000","PLATINUM - NEW YORK MERCANTILE EXCHANGE","076651","64670","29145","5119"
"2013-03-26T00:00:00.000","PLATINUM - NEW YORK MERCANTILE EXCHANGE","076651","65542","30556","6334"
"2013-03-26T00:00:00.000","PALLADIUM - NEW YORK MERCANTILE EXCHANGE","075651","37808","24999","1259"
"2013-04-02T00:00:00.000","PLATINUM - NEW YORK MERCANTILE EXCHANGE","076651","63829","31526","6729"
"2013-04-02T00:00:00.000","PALLADIUM - NEW YORK MERCANTILE EXCHANGE","075651","40010","26784","1108"
"2013-04-09T00:00:00.000","PLATINUM - NEW YORK MERCANTILE EXCHANGE","076651","64905","32021","10001"
"2013-04-09T00:00:00.000","PALLADIUM - NEW YORK MERCANTILE EXCHANGE","075651","38032","24164","1733"
"2013-04-16T00:00:00.000","PLATINUM - NEW YORK MERCANTILE EXCHANGE","076651","61946","31047","9625"
"2013-04-16T00:00:00.000","PALLADIUM - NEW YORK MERCANTILE EXCHANGE","075651","36931","21792","1757"
"2013-04-23T00:00:00.000","PLATINUM - NEW YORK MERCANTILE EXCHANGE","076651","62976","31781","10744"
"2013-04-23T00:00:00.000","PALLADIUM - NEW YORK MERCANTILE EXCHANGE","075651","35716","20726","2306"
"2013-04-30T00:00:00.000","PLATINUM - NEW YORK MERCANTILE EXCHANGE","076651","62692","32476","9329"
"2013-04-30T00:00:00.000","PALLADIUM - NEW YORK MERCANTILE EXCHANGE","075651","36193","20372","1803"
"2013-05-07T00:00:00.000","PLATINUM - NEW YORK MERCANTILE EXCHANGE","076651","63701","32640","9756"
"2013-05-07T00:00:00.000","PALLADIUM - NEW YORK MERCANTILE EXCHANGE","075651","35922","19983","2028"
"2013-05-14T00:00:00.000","PLATINUM - NEW YORK MERCANTILE EXCHANGE","076651","63509","33341","9293"
"2013-05-14T00:00:00.000","PALLADIUM - NEW YORK MERCANTILE EXCHANGE","075651","36906","20038","631"
"2013-05-21T00:00:00.000","PLATINUM - NEW YORK MERCANTILE EXCHANGE","076651","63518","31942","11265"
"2013-05-21T00:00:00.000","PALLADIUM - NEW YORK MERCANTILE EXCHANGE","075651","36735","20144","637"
"2013-05-28T00:00:00.000","PALLADIUM - NEW YORK MERCANTILE EXCHANGE","075651","37666","21560","694"
"2013-05-28T00:00:00.000","PLATINUM - NEW YORK MERCANTILE EXCHANGE","076651","63619","31954","12101"
"2013-06-04T00:00:00.000","PLATINUM - NEW YORK MERCANTILE EXCHANGE","076651","61991","32202","10154"
"2013-06-04T00:00:00.000","PALLADIUM - NEW YORK MERCANTILE EXCHANGE","075651","36364","22361","784"
"2013-06-11T00:00:00.000","PLATINUM - NEW YORK MERCANTILE EXCHANGE","076651","62964","32592","9362"
"2013-06-11T00:00:00.000","PALLADIUM - NEW YORK MERCANTILE EXCHANGE","075651","37301","23565","942"
"2013-06-18T00:00:00.000","PALLADIUM - NEW YORK MERCANTILE EXCHANGE","075651","36845","23057","953"
"2013-06-18T00:00:00.000","PLATINUM - NEW YORK MERCANTILE EXCHANGE","076651","62677","32238","12358"
"2013-06-25T00:00:00.000","PLATINUM - NEW YORK MERCANTILE EXCHANGE","076651","63824","32010","13862"
"2013-06-25T00:00:00.000","PALLADIUM - NEW YORK MERCANTILE EXCHANGE","075651","34530","20285","1510"
"2013-07-02T00:00:00.000","PLATINUM - NEW YORK MERCANTILE EXCHANGE","076651","61248","32740","14447"
"2013-07-02T00:00:00.000","PALLADIUM - NEW YORK MERCANTILE EXCHANGE","075651","35142","20215","1974"
"2013-07-09T00:00:00.000","PLATINUM - NEW YORK MERCANTILE EXCHANGE","076651","61593","32655","14649"
"2013-07-09T00:00:00.000","PALLADIUM - NEW YORK MERCANTILE EXCHANGE","075651","34543","20582","1732"
"2013-07-16T00:00:00.000","PLATINUM - NEW YORK MERCANTILE EXCHANGE","076651","60670","32189","12899"
"2013-07-16T00:00:00.000","PALLADIUM - NEW YORK MERCANTILE EXCHANGE","075651","33994","20505","630"
"2013-07-23T00:00:00.000","PLATINUM - NEW YORK MERCANTILE EXCHANGE","076651","62923","32766","12012"
"2013-07-23T00:00:00.000","PALLADIUM - NEW YORK MERCANTILE EXCHANGE","075651","36414","22641","656"
"2013-07-30T00:00:00.000","PLATINUM - NEW YORK MERCANTILE EXCHANGE","076651","63811","35223","10775"
"2013-07-30T00:00:00.000","PALLADIUM - NEW YORK MERCANTILE EXCHANGE","075651","37791","23941","990"
"2013-08-06T00:00:00.000","PLATINUM - NEW YORK MERCANTILE EXCHANGE","076651","64066","34762","9397"
"2013-08-06T00:00:00.000","PALLADIUM - NEW YORK MERCANTILE EXCHANGE","075651","38182","25204","995"
"2013-08-13T00:00:00.000","PLATINUM - NEW YORK MERCANTILE EXCHANGE","076651","64953","33844","6215"
"2013-08-13T00:00:00.000","PALLADIUM - NEW YORK MERCANTILE EXCHANGE","075651","39308","25662","1155"
"2013-08-20T00:00:00.000","PLATINUM - NEW YORK MERCANTILE EXCHANGE","076651","65710","35589","5062"
"2013-08-20T00:00:00.000","PALLADIUM - NEW YORK MERCANTILE EXCHANGE","075651","39391","26088","1018"
"2013-08-27T00:00:00.000","PLATINUM - NEW YORK MERCANTILE EXCHANGE","076651","66996","36467","4218"
"2013-08-27T00:00:00.000","PALLADIUM - NEW YORK MERCANTILE EXCHANGE","075651","37753","25581","1092"
"2013-09-03T00:00:00.000","PLATINUM - NEW YORK MERCANTILE EXCHANGE","076651","66585","36438","3900"
"2013-09-03T00:00:00.000","PALLADIUM - NEW YORK MERCANTILE EXCHANGE","075651","35316","24044","1510"
"2013-09-10T00:00:00.000","PLATINUM - NEW YORK MERCANTILE EXCHANGE","076651","63223","35133","4425"
"2013-09-10T00:00:00.000","PALLADIUM - NEW YORK MERCANTILE EXCHANGE","075651","34514","22680","1430"
"2013-09-17T00:00:00.000","PALLADIUM - NEW YORK MERCANTILE EXCHANGE","075651","34825","22980","2158"
"2013-09-17T00:00:00.000","PLATINUM - NEW YORK MERCANTILE EXCHANGE","076651","61006","32142","5222"
"2013-09-24T00:00:00.000","PLATINUM - NEW YORK MERCANTILE EXCHANGE","076651","59279","32522","5576"
"2013-09-24T00:00:00.000","PALLADIUM - NEW YORK MERCANTILE EXCHANGE","075651","35410","23403","1526"
"2013-10-01T00:00:00.000","PLATINUM - NEW YORK MERCANTILE EXCHANGE","076651","59708","32369","8296"
"2013-10-01T00:00:00.000","PALLADIUM - NEW YORK MERCANTILE EXCHANGE","075651","35689","23705","1167"
"2013-10-08T00:00:00.000","PLATINUM - NEW YORK MERCANTILE EXCHANGE","076651","60888","31669","10933"
"2013-10-08T00:00:00.000","PALLADIUM - NEW YORK MERCANTILE EXCHANGE","075651","36267","23181","1558"
"2013-10-15T00:00:00.000","PLATINUM - NEW YORK MERCANTILE EXCHANGE","076651","60716","29702","10680"
"2013-10-15T00:00:00.000","PALLADIUM - NEW YORK MERCANTILE EXCHANGE","075651","36477","23171","1796"
"2013-10-22T00:00:00.000","PLATINUM - NEW YORK MERCANTILE EXCHANGE","076651","58993","29602","8823"
"2013-10-22T00:00:00.000","PALLADIUM - NEW YORK MERCANTILE EXCHANGE","075651","37936","24796","1039"
"2013-10-29T00:00:00.000","PLATINUM - NEW YORK MERCANTILE EXCHANGE","076651","57827","29978","5415"
"2013-10-29T00:00:00.000","PALLADIUM - NEW YORK MERCANTILE EXCHANGE","075651","38956","25949","1370"
"2013-11-05T00:00:00.000","PLATINUM - NEW YORK MERCANTILE EXCHANGE","076651","58319","30925","3197"
"2013-11-05T00:00:00.000","PALLADIUM - NEW YORK MERCANTILE EXCHANGE","075651","40147","25985","1400"
"2013-11-12T00:00:00.000","PLATINUM - NEW YORK MERCANTILE EXCHANGE","076651","59048","30846","3031"
"2013-11-12T00:00:00.000","PALLADIUM - NEW YORK MERCANTILE EXCHANGE","075651","41464","27160","1732"
"2013-11-19T00:00:00.000","PALLADIUM - NEW YORK MERCANTILE EXCHANGE","075651","38152","24633","2003"
"2013-11-19T00:00:00.000","PLATINUM - NEW YORK MERCANTILE EXCHANGE","076651","58571","30119","4935"
"2013-11-26T00:00:00.000","PALLADIUM - NEW YORK MERCANTILE EXCHANGE","075651","36338","22659","1670"
"2013-11-26T00:00:00.000","PLATINUM - NEW YORK MERCANTILE EXCHANGE","076651","61034","29414","9993"
"2013-12-03T00:00:00.000","PLATINUM - NEW YORK MERCANTILE EXCHANGE","076651","61351","29529","13199"
"2013-12-03T00:00:00.000","PALLADIUM - NEW YORK MERCANTILE EXCHANGE","075651","35385","22283","1768"
"2013-12-10T00:00:00.000","PLATINUM - NEW YORK MERCANTILE EXCHANGE","076651","62152","30369","14086"
"2013-12-10T00:00:00.000","PALLADIUM - NEW YORK MERCANTILE EXCHANGE","075651","36051","21535","1323"
"2013-12-17T00:00:00.000","PALLADIUM - NEW YORK MERCANTILE EXCHANGE","075651","36789","20975","2203"
"2013-12-17T00:00:00.000","PLATINUM - NEW YORK MERCANTILE EXCHANGE","076651","64211","29706","15342"
"2013-12-24T00:00:00.000","PLATINUM - NEW YORK MERCANTILE EXCHANGE","076651","64199","29001","16105"
"2013-12-24T00:00:00.000","PALLADIUM - NEW YORK MERCANTILE EXCHANGE","075651","37782","19399","3720"
"2013-12-31T00:00:00.000","PLATINUM - NEW YORK MERCANTILE EXCHANGE","076651","62037","29169","14781"
"2013-12-31T00:00:00.000","PALLADIUM - NEW YORK MERCANTILE EXCHANGE","075651","38881","19413","4176"
"2014-01-07T00:00:00.000","PLATINUM - NEW YORK MERCANTILE EXCHANGE","076651","59561","28378","9767"
"2014-01-07T00:00:00.000","PALLADIUM - NEW YORK MERCANTILE EXCHANGE","075651","38773","20339","3294"
"2014-01-14T00:00:00.000","PLATINUM - NEW YORK MERCANTILE EXCHANGE","076651","58636","28726","6121"
"2014-01-14T00:00:00.000","PALLADIUM - NEW YORK MERCANTILE EXCHANGE","075651","38643","20874","2882"
"2014-01-21T00:00:00.000","PLATINUM - NEW YORK MERCANTILE EXCHANGE","076651","60358","29349","5119"
"2014-01-21T00:00:00.000","PALLADIUM - NEW YORK MERCANTILE EXCHANGE","075651","39226","22819","2861"
"2014-01-28T00:00:00.000","PLATINUM - NEW YORK MERCANTILE EXCHANGE","076651","60923","31321","4863"
"2014-01-28T00:00:00.000","PALLADIUM - NEW YORK MERCANTILE EXCHANGE","075651","39495","21881","3384"
"2014-02-04T00:00:00.000","PLATINUM - NEW YORK MERCANTILE EXCHANGE","076651","61388","30070","7010"
"2014-02-04T00:00:00.000","PALLADIUM - NEW YORK MERCANTILE EXCHANGE","075651","39256","20698","4919"
"2014-02-11T00:00:00.000","PLATINUM - NEW YORK MERCANTILE EXCHANGE","076651","63300","30381","8786"
"2014-02-11T00:00:00.000","PALLADIUM - NEW YORK MERCANTILE EXCHANGE","075651","40276","20520","5903"
"2014-02-18T00:00:00.000","PLATINUM - NEW YORK MERCANTILE EXCHANGE","076651","63376","30807","7424"
"2014-02-18T00:00:00.000","PALLADIUM - NEW YORK MERCANTILE EXCHANGE","075651","40436","20095","4655"
"2014-02-25T00:00:00.000","PALLADIUM - NEW YORK MERCANTILE EXCHANGE","075651","41410","20887","4590"
"2014-02-25T00:00:00.000","PLATINUM - NEW YORK MERCANTILE EXCHANGE","076651","64653","31452","7474"
"2014-03-04T00:00:00.000","PLATINUM - NEW YORK MERCANTILE EXCHANGE","076651","66158","34205","5484"
"2014-03-04T00:00:00.000","PALLADIUM - NEW YORK MERCANTILE EXCHANGE","075651","40300","24149","4425"
"2014-03-11T00:00:00.000","PLATINUM - NEW YORK MERCANTILE EXCHANGE","076651","69748","37073","4233"
"2014-03-11T00:00:00.000","PALLADIUM - NEW YORK MERCANTILE EXCHANGE","075651","41579","25940","5086"
"2014-03-18T00:00:00.000","PALLADIUM - NEW YORK MERCANTILE EXCHANGE","075651","42334","25896","5611"
"2014-03-18T00:00:00.000","PLATINUM - NEW YORK MERCANTILE EXCHANGE","076651","71251","38737","5691"
"2014-03-25T00:00:00.000","PLATINUM - NEW YORK MERCANTILE EXCHANGE","076651","69810","37162","4895"
"2014-03-25T00:00:00.000","PALLADIUM - NEW YORK MERCANTILE EXCHANGE","075651","42454","25216","6348"
"2014-04-01T00:00:00.000","PLATINUM - NEW YORK MERCANTILE EXCHANGE","076651","66562","35441","6187"
"2014-04-01T00:00:00.000","PALLADIUM - NEW YORK MERCANTILE EXCHANGE","075651","40974","24757","5394"
"2014-04-08T00:00:00.000","PLATINUM - NEW YORK MERCANTILE EXCHANGE","076651","66928","36353","5256"
"2014-04-08T00:00:00.000","PALLADIUM - NEW YORK MERCANTILE EXCHANGE","075651","41129","22867","4474"
"2014-04-15T00:00:00.000","PLATINUM - NEW YORK MERCANTILE EXCHANGE","076651","67064","36601","4386"
"2014-04-15T00:00:00.000","PALLADIUM - NEW YORK MERCANTILE EXCHANGE","075651","41882","22965","4041"
"2014-04-22T00:00:00.000","PLATINUM - NEW YORK MERCANTILE EXCHANGE","076651","63645","33596","4181"
"2014-04-22T00:00:00.000","PALLADIUM - NEW YORK MERCANTILE EXCHANGE","075651","42478","23148","3693"
"2014-04-29T00:00:00.000","PLATINUM - NEW YORK MERCANTILE EXCHANGE","076651","63427","32988","4881"
"2014-04-29T00:00:00.000","PALLADIUM - NEW YORK MERCANTILE EXCHANGE","075651","43087","23524","3523"
"2014-05-06T00:00:00.000","PLATINUM - NEW YORK MERCANTILE EXCHANGE","076651","64939","35817","3463"
"2014-05-06T00:00:00.000","PALLADIUM - NEW YORK MERCANTILE EXCHANGE","075651","44208","23244","4026"
"2014-05-13T00:00:00.000","PLATINUM - NEW YORK MERCANTILE EXCHANGE","076651","67432","36910","2957"
"2014-05-13T00:00:00.000","PALLADIUM - NEW YORK MERCANTILE EXCHANGE","075651","44496","23407","4550"
"2014-05-20T00:00:00.000","PLATINUM - NEW YORK MERCANTILE EXCHANGE","076651","70109","40531","2866"
"2014-05-20T00:00:00.000","PALLADIUM - NEW YORK MERCANTILE EXCHANGE","075651","43517","23807","4389"
"2014-05-27T00:00:00.000","PLATINUM - NEW YORK MERCANTILE EXCHANGE","076651","70304","40092","2682"
"2014-05-27T00:00:00.000","PALLADIUM - NEW YORK MERCANTILE EXCHANGE","075651","42575","25729","4292"
"2014-06-03T00:00:00.000","PLATINUM - NEW YORK MERCANTILE EXCHANGE","076651","69875","40003","2201"
"2014-06-03T00:00:00.000","PALLADIUM - NEW YORK MERCANTILE EXCHANGE","075651","41058","26126","4753"
"2014-06-10T00:00:00.000","PLATINUM - NEW YORK MERCANTILE EXCHANGE","076651","69756","39765","3060"
"2014-06-10T00:00:00.000","PALLADIUM - NEW YORK MERCANTILE EXCHANGE","075651","40873","25553","5006"
"2014-06-17T00:00:00.000","PLATINUM - NEW YORK MERCANTILE EXCHANGE","076651","67854","36535","3376"
"2014-06-17T00:00:00.000","PALLADIUM - NEW YORK MERCANTILE EXCHANGE","075651","39133","24289","5281"
"2014-06-24T00:00:00.000","PALLADIUM - NEW YORK MERCANTILE EXCHANGE","075651","39594","25262","4709"
"2014-06-24T00:00:00.000","PLATINUM - NEW YORK MERCANTILE EXCHANGE","076651","65525","36842","2455"
"2014-07-01T00:00:00.000","PLATINUM - NEW YORK MERCANTILE EXCHANGE","076651","69466","42222","2209"
"2014-07-01T00:00:00.000","PALLADIUM - NEW YORK MERCANTILE EXCHANGE","075651","40545","25705","4639"
"2014-07-08T00:00:00.000","PLATINUM - NEW YORK MERCANTILE EXCHANGE","076651","72928","44362","2253"
"2014-07-08T00:00:00.000","PALLADIUM - NEW YORK MERCANTILE EXCHANGE","075651","42409","25726","4475"
"2014-07-15T00:00:00.000","PLATINUM - NEW YORK MERCANTILE EXCHANGE","076651","72433","44207","3419"
"2014-07-15T00:00:00.000","PALLADIUM - NEW YORK MERCANTILE EXCHANGE","075651","43571","26299","4714"
"2014-07-22T00:00:00.000","PLATINUM - NEW YORK MERCANTILE EXCHANGE","076651","70716","43589","3009"
"2014-07-22T00:00:00.000","PALLADIUM - NEW YORK MERCANTILE EXCHANGE","075651","44696","26745","4704"
"2014-07-29T00:00:00.000","PLATINUM - NEW YORK MERCANTILE EXCHANGE","076651","69593","43050","1823"
"2014-07-29T00:00:00.000","PALLADIUM - NEW YORK MERCANTILE EXCHANGE","075651","45440","26613","5201"
"2014-08-05T00:00:00.000","PLATINUM - NEW YORK MERCANTILE EXCHANGE","076651","66836","39562","2203"
"2014-08-05T00:00:00.000","PALLADIUM - NEW YORK MERCANTILE EXCHANGE","075651","44360","26093","6408"
"2014-08-12T00:00:00.000","PLATINUM - NEW YORK MERCANTILE EXCHANGE","076651","64763","39917","1428"
"2014-08-12T00:00:00.000","PALLADIUM - NEW YORK MERCANTILE EXCHANGE","075651","44458","25714","6250"
"2014-08-19T00:00:00.000","PLATINUM - NEW YORK MERCANTILE EXCHANGE","076651","63846","36390","2119"
"2014-08-19T00:00:00.000","PALLADIUM - NEW YORK MERCANTILE EXCHANGE","075651","44268","26638","2585"
"2014-08-26T00:00:00.000","PALLADIUM - NEW YORK MERCANTILE EXCHANGE","075651","43254","27049","2434"
"2014-08-26T00:00:00.000","PLATINUM - NEW YORK MERCANTILE EXCHANGE","076651","63225","34309","5435"
"2014-09-02T00:00:00.000","PLATINUM - NEW YORK MERCANTILE EXCHANGE","076651","65015","37033","7186"
"2014-09-02T00:00:00.000","PALLADIUM - NEW YORK MERCANTILE EXCHANGE","075651","43891","27915","2337"
"2014-09-09T00:00:00.000","PLATINUM - NEW YORK MERCANTILE EXCHANGE","076651","66449","36323","8919"
"2014-09-09T00:00:00.000","PALLADIUM - NEW YORK MERCANTILE EXCHANGE","075651","43493","28082","2278"
"2014-09-16T00:00:00.000","PALLADIUM - NEW YORK MERCANTILE EXCHANGE","075651","40182","27091","1657"
"2014-09-16T00:00:00.000","PLATINUM - NEW YORK MERCANTILE EXCHANGE","076651","64542","32722","10026"
"2014-09-23T00:00:00.000","PLATINUM - NEW YORK MERCANTILE EXCHANGE","076651","64712","28953","12368"
"2014-09-23T00:00:00.000","PALLADIUM - NEW YORK MERCANTILE EXCHANGE","075651","34683","21465","2843"
"2014-09-30T00:00:00.000","PLATINUM - NEW YORK MERCANTILE EXCHANGE","076651","59192","26778","13693"
"2014-09-30T00:00:00.000","PALLADIUM - NEW YORK MERCANTILE EXCHANGE","075651","34238","20660","3203"
"2014-10-07T00:00:00.000","PLATINUM - NEW YORK MERCANTILE EXCHANGE","076651","59560","29356","12758"
"2014-10-07T00:00:00.000","PALLADIUM - NEW YORK MERCANTILE EXCHANGE","075651","33468","20727","2890"
"2014-10-14T00:00:00.000","PALLADIUM - NEW YORK MERCANTILE EXCHANGE","075651","33753","19939","2695"
"2014-10-14T00:00:00.000","PLATINUM - NEW YORK MERCANTILE EXCHANGE","076651","58569","29270","12555"
"2014-10-21T00:00:00.000","PALLADIUM - NEW YORK MERCANTILE EXCHANGE","075651","32790","19290","2908"
"2014-10-21T00:00:00.000","PLATINUM - NEW YORK MERCANTILE EXCHANGE","076651","59865","29107","14664"
"2014-10-28T00:00:00.000","PLATINUM - NEW YORK MERCANTILE EXCHANGE","076651","60695","27911","15194"
"2014-10-28T00:00:00.000","PALLADIUM - NEW YORK MERCANTILE EXCHANGE","075651","33590","19145","2797"
"2014-11-04T00:00:00.000","PALLADIUM - NEW YORK MERCANTILE EXCHANGE","075651","33802","19431","1634"
"2014-11-04T00:00:00.000","PLATINUM - NEW YORK MERCANTILE EXCHANGE","076651","60012","28617","15086"
"2014-11-11T00:00:00.000","PLATINUM - NEW YORK MERCANTILE EXCHANGE","076651","60167","29396","14403"
"2014-11-11T00:00:00.000","PALLADIUM - NEW YORK MERCANTILE EXCHANGE","075651","35085","19352","1896"
"2014-11-18T00:00:00.000","PLATINUM - NEW YORK MERCANTILE EXCHANGE","076651","62442","29013","16953"
"2014-11-18T00:00:00.000","PALLADIUM - NEW YORK MERCANTILE EXCHANGE","075651","34676","19134","2078"
"2014-11-25T00:00:00.000","PLATINUM - NEW YORK MERCANTILE EXCHANGE","076651","64042","29811","15729"
"2014-11-25T00:00:00.000","PALLADIUM - NEW YORK MERCANTILE EXCHANGE","075651","32990","20124","1520"
"2014-12-02T00:00:00.000","PLATINUM - NEW YORK MERCANTILE EXCHANGE","076651","63522","30181","12584"
"2014-12-02T00:00:00.000","PALLADIUM - NEW YORK MERCANTILE EXCHANGE","075651","31534","20328","1552"
"2014-12-09T00:00:00.000","PLATINUM - NEW YORK MERCANTILE EXCHANGE","076651","65138","30464","11523"
"2014-12-09T00:00:00.000","PALLADIUM - NEW YORK MERCANTILE EXCHANGE","075651","31820","20695","1925"
"2014-12-16T00:00:00.000","PLATINUM - NEW YORK MERCANTILE EXCHANGE","076651","66810","29631","12928"
"2014-12-16T00:00:00.000","PALLADIUM - NEW YORK MERCANTILE EXCHANGE","075651","31974","20414","2153"
"2014-12-23T00:00:00.000","PLATINUM - NEW YORK MERCANTILE EXCHANGE","076651","66799","29420","13393"
"2014-12-23T00:00:00.000","PALLADIUM - NEW YORK MERCANTILE EXCHANGE","075651","32482","20982","1423"
"2014-12-30T00:00:00.000","PLATINUM - NEW YORK MERCANTILE EXCHANGE","076651","64175","30348","13216"
"2014-12-30T00:00:00.000","PALLADIUM - NEW YORK MERCANTILE EXCHANGE","075651","32946","21361","1644"
"2015-01-06T00:00:00.000","PLATINUM - NEW YORK MERCANTILE EXCHANGE","076651","66275","31205","14807"
"2015-01-06T00:00:00.000","PALLADIUM - NEW YORK MERCANTILE EXCHANGE","075651","32665","20819","1346"
"2015-01-13T00:00:00.000","PLATINUM - NEW YORK MERCANTILE EXCHANGE","076651","66358","32468","13894"
"2015-01-13T00:00:00.000","PALLADIUM - NEW YORK MERCANTILE EXCHANGE","075651","33826","20740","1764"
"2015-01-20T00:00:00.000","PLATINUM - NEW YORK MERCANTILE EXCHANGE","076651","67945","34045","11385"
"2015-01-20T00:00:00.000","PALLADIUM - NEW YORK MERCANTILE EXCHANGE","075651","34518","21590","2472"
"2015-01-27T00:00:00.000","PLATINUM - NEW YORK MERCANTILE EXCHANGE","076651","65908","32653","8713"
"2015-01-27T00:00:00.000","PALLADIUM - NEW YORK MERCANTILE EXCHANGE","075651","34098","21691","2491"
"2015-02-03T00:00:00.000","PALLADIUM - NEW YORK MERCANTILE EXCHANGE","075651","33952","20571","2606"
"2015-02-03T00:00:00.000","PLATINUM - NEW YORK MERCANTILE EXCHANGE","076651","64831","31781","9790"
"2015-02-10T00:00:00.000","PLATINUM - NEW YORK MERCANTILE EXCHANGE","076651","64849","31204","10296"
"2015-02-10T00:00:00.000","PALLADIUM - NEW YORK MERCANTILE EXCHANGE","075651","33778","20235","3006"
"2015-02-17T00:00:00.000","PLATINUM - NEW YORK MERCANTILE EXCHANGE","076651","67715","30593","13216"
"2015-02-17T00:00:00.000","PALLADIUM - NEW YORK MERCANTILE EXCHANGE","075651","34191","20795","2989"
"2015-02-24T00:00:00.000","PLATINUM - NEW YORK MERCANTILE EXCHANGE","076651","69019","30303","16260"
"2015-02-24T00:00:00.000","PALLADIUM - NEW YORK MERCANTILE EXCHANGE","075651","32998","19967","2662"
"2015-03-03T00:00:00.000","PLATINUM - NEW YORK MERCANTILE EXCHANGE","076651","68794","32638","17115"
"2015-03-03T00:00:00.000","PALLADIUM - NEW YORK MERCANTILE EXCHANGE","075651","32935","20113","2366"
"2015-03-10T00:00:00.000","PALLADIUM - NEW YORK MERCANTILE EXCHANGE","075651","32909","20563","2021"
"2015-03-10T00:00:00.000","PLATINUM - NEW YORK MERCANTILE EXCHANGE","076651","69341","33916","18831"
"2015-03-17T00:00:00.000","PLATINUM - NEW YORK MERCANTILE EXCHANGE","076651","72020","33931","22183"
"2015-03-17T00:00:00.000","PALLADIUM - NEW YORK MERCANTILE EXCHANGE","075651","31255","19418","2659"
"2015-03-24T00:00:00.000","PLATINUM - NEW YORK MERCANTILE EXCHANGE","076651","72949","33039","22343"
"2015-03-24T00:00:00.000","PALLADIUM - NEW YORK MERCANTILE EXCHANGE","075651","30935","19448","2778"
"2015-03-31T00:00:00.000","PLATINUM - NEW YORK MERCANTILE EXCHANGE","076651","68848","33673","19094"
"2015-03-31T00:00:00.000","PALLADIUM - NEW YORK MERCANTILE EXCHANGE","075651","31497","19692","4207"
"2015-04-07T00:00:00.000","PLATINUM - NEW YORK MERCANTILE EXCHANGE","076651","68260","33265","16133"
"2015-04-07T00:00:00.000","PALLADIUM - NEW YORK MERCANTILE EXCHANGE","075651","31602","19549","3830"
"2015-04-14T00:00:00.000","PALLADIUM - NEW YORK MERCANTILE EXCHANGE","075651","31666","18910","2787"
"2015-04-14T00:00:00.000","PLATINUM - NEW YORK MERCANTILE EXCHANGE","076651","68699","32626","16591"
"2015-04-21T00:00:00.000","PALLADIUM - NEW YORK MERCANTILE EXCHANGE","075651","32073","18086","2328"
"2015-04-21T00:00:00.000","PLATINUM - NEW YORK MERCANTILE EXCHANGE","076651","68668","32407","18213"
"2015-04-28T00:00:00.000","PALLADIUM - NEW YORK MERCANTILE EXCHANGE","075651","32578","18764","2468"
"2015-04-28T00:00:00.000","PLATINUM - NEW YORK MERCANTILE EXCHANGE","076651","70799","32505","19864"
"2015-05-05T00:00:00.000","PLATINUM - NEW YORK MERCANTILE EXCHANGE","076651","70063","32998","17988"
"2015-05-05T00:00:00.000","PALLADIUM - NEW YORK MERCANTILE EXCHANGE","075651","32470","18619","2338"
"2015-05-12T00:00:00.000","PALLADIUM - NEW YORK MERCANTILE EXCHANGE","075651","31823","18367","2671"
"2015-05-12T00:00:00.000","PLATINUM - NEW YORK MERCANTILE EXCHANGE","076651","71688","34045","19560"
"2015-05-19T00:00:00.000","PLATINUM - NEW YORK MERCANTILE EXCHANGE","076651","70841","35063","15621"
"2015-05-19T00:00:00.000","PALLADIUM - NEW YORK MERCANTILE EXCHANGE","075651","31484","18327","3162"
"2015-05-26T00:00:00.000","PALLADIUM - NEW YORK MERCANTILE EXCHANGE","075651","30284","18266","2632"
"2015-05-26T00:00:00.000","PLATINUM - NEW YORK MERCANTILE EXCHANGE","076651","72424","34757","16867"
"2015-06-02T00:00:00.000","PLATINUM - NEW YORK MERCANTILE EXCHANGE","076651","76650","34591","22168"
"2015-06-02T00:00:00.000","PALLADIUM - NEW YORK MERCANTILE EXCHANGE","075651","29149","18916","3004"
"2015-06-09T00:00:00.000","PALLADIUM - NEW YORK MERCANTILE EXCHANGE","075651","32282","20175","5949"
"2015-06-09T00:00:00.000","PLATINUM - NEW YORK MERCANTILE EXCHANGE","076651","77304","34915","24520"
"2015-06-16T00:00:00.000","PLATINUM - NEW YORK MERCANTILE EXCHANGE","076651","82478","37111","26990"
"2015-06-16T00:00:00.000","PALLADIUM - NEW YORK MERCANTILE EXCHANGE","075651","33684","20579","7683"
"2015-06-23T00:00:00.000","PALLADIUM - NEW YORK MERCANTILE EXCHANGE","075651","34821","20758","9825"
"2015-06-23T00:00:00.000","PLATINUM - NEW YORK MERCANTILE EXCHANGE","076651","84121","35245","28667"
"2015-06-30T00:00:00.000","PALLADIUM - NEW YORK MERCANTILE EXCHANGE","075651","37100","21980","11668"
"2015-06-30T00:00:00.000","PLATINUM - NEW YORK MERCANTILE EXCHANGE","076651","77670","35016","26203"
"2015-07-07T00:00:00.000","PALLADIUM - NEW YORK MERCANTILE EXCHANGE","075651","36192","20558","11598"
"2015-07-07T00:00:00.000","PLATINUM - NEW YORK MERCANTILE EXCHANGE","076651","78321","35473","26267"
"2015-07-14T00:00:00.000","PALLADIUM - NEW YORK MERCANTILE EXCHANGE","075651","36205","19740","11652"
"2015-07-14T00:00:00.000","PLATINUM - NEW YORK MERCANTILE EXCHANGE","076651","79889","35090","28100"
"2015-07-21T00:00:00.000","PALLADIUM - NEW YORK MERCANTILE EXCHANGE","075651","36428","19198","11705"
"2015-07-21T00:00:00.000","PLATINUM - NEW YORK MERCANTILE EXCHANGE","076651","80783","35829","29607"
"2015-07-28T00:00:00.000","PALLADIUM - NEW YORK MERCANTILE EXCHANGE","075651","37021","18899","11735"
"2015-07-28T00:00:00.000","PLATINUM - NEW YORK MERCANTILE EXCHANGE","076651","79079","36338","29658"
"2015-08-04T00:00:00.000","PALLADIUM - NEW YORK MERCANTILE EXCHANGE","075651","37485","19206","12231"
"2015-08-04T00:00:00.000","PLATINUM - NEW YORK MERCANTILE EXCHANGE","076651","79763","35820","29446"
"2015-08-11T00:00:00.000","PALLADIUM - NEW YORK MERCANTILE EXCHANGE","075651","36928","19036","12324"
"2015-08-11T00:00:00.000","PLATINUM - NEW YORK MERCANTILE EXCHANGE","076651","78884","35031","28456"
"2015-08-18T00:00:00.000","PALLADIUM - NEW YORK MERCANTILE EXCHANGE","075651","36028","19258","11308"
"2015-08-18T00:00:00.000","PLATINUM - NEW YORK MERCANTILE EXCHANGE","076651","78564","35712","27259"
"2015-08-25T00:00:00.000","PLATINUM - NEW YORK MERCANTILE EXCHANGE","076651","74149","32232","23257"
"2015-08-25T00:00:00.000","PALLADIUM - NEW YORK MERCANTILE EXCHANGE","075651","31134","15145","9443"
"2015-09-01T00:00:00.000","PLATINUM - NEW YORK MERCANTILE EXCHANGE","076651","69973","30374","19705"
"2015-09-01T00:00:00.000","PALLADIUM - NEW YORK MERCANTILE EXCHANGE","075651","28619","16351","9450"
"2015-09-08T00:00:00.000","PALLADIUM - NEW YORK MERCANTILE EXCHANGE","075651","27515","15839","9682"
"2015-09-08T00:00:00.000","PLATINUM - NEW YORK MERCANTILE EXCHANGE","076651","70035","30523","18682"
"2015-09-15T00:00:00.000","PLATINUM - NEW YORK MERCANTILE EXCHANGE","076651","73784","31322","21091"
"2015-09-15T00:00:00.000","PALLADIUM - NEW YORK MERCANTILE EXCHANGE","075651","27693","16156","9941"
"2015-09-22T00:00:00.000","PLATINUM - NEW YORK MERCANTILE EXCHANGE","076651","79193","33223","22324"
"2015-09-22T00:00:00.000","PALLADIUM - NEW YORK MERCANTILE EXCHANGE","075651","27147","15771","8621"
"2015-09-29T00:00:00.000","PLATINUM - NEW YORK MERCANTILE EXCHANGE","076651","75469","31256","22653"
"2015-09-29T00:00:00.000","PALLADIUM - NEW YORK MERCANTILE EXCHANGE","075651","26595","15771","6133"
"2015-10-06T00:00:00.000","PLATINUM - NEW YORK MERCANTILE EXCHANGE","076651","74919","30020","21339"
"2015-10-06T00:00:00.000","PALLADIUM - NEW YORK MERCANTILE EXCHANGE","075651","26430","15683","4093"
"2015-10-13T00:00:00.000","PLATINUM - NEW YORK MERCANTILE EXCHANGE","076651","71682","31747","15808"
"2015-10-13T00:00:00.000","PALLADIUM - NEW YORK MERCANTILE EXCHANGE","075651","25558","15016","2939"
"2015-10-20T00:00:00.000","PALLADIUM - NEW YORK MERCANTILE EXCHANGE","075651","25837","15281","2463"
"2015-10-20T00:00:00.000","PLATINUM - NEW YORK MERCANTILE EXCHANGE","076651","70469","32068","13090"
"2015-10-27T00:00:00.000","PLATINUM - NEW YORK MERCANTILE EXCHANGE","076651","71052","34128","11829"
"2015-10-27T00:00:00.000","PALLADIUM - NEW YORK MERCANTILE EXCHANGE","075651","26065","15809","2267"
"2015-11-03T00:00:00.000","PLATINUM - NEW YORK MERCANTILE EXCHANGE","076651","70053","33818","10273"
"2015-11-03T00:00:00.000","PALLADIUM - NEW YORK MERCANTILE EXCHANGE","075651","26826","16078","2931"
"2015-11-10T00:00:00.000","PALLADIUM - NEW YORK MERCANTILE EXCHANGE","075651","27526","16146","3683"
"2015-11-10T00:00:00.000","PLATINUM - NEW YORK MERCANTILE EXCHANGE","076651","71115","32131","13242"
"2015-11-17T00:00:00.000","PLATINUM - NEW YORK MERCANTILE EXCHANGE","076651","74144","29593","20410"
"2015-11-17T00:00:00.000","PALLADIUM - NEW YORK MERCANTILE EXCHANGE","075651","27520","14091","4259"
"2015-11-24T00:00:00.000","PLATINUM - NEW YORK MERCANTILE EXCHANGE","076651","75570","28503","23647"
"2015-11-24T00:00:00.000","PALLADIUM - NEW YORK MERCANTILE EXCHANGE","075651","28418","13370","5662"
"2015-12-01T00:00:00.000","PLATINUM - NEW YORK MERCANTILE EXCHANGE","076651","76282","28889","24016"
"2015-12-01T00:00:00.000","PALLADIUM - NEW YORK MERCANTILE EXCHANGE","075651","26853","14001","6065"
"2015-12-08T00:00:00.000","PLATINUM - NEW YORK MERCANTILE EXCHANGE","076651","76192","28172","22353"
"2015-12-08T00:00:00.000","PALLADIUM - NEW YORK MERCANTILE EXCHANGE","075651","26006","14025","5218"
"2015-12-15T00:00:00.000","PLATINUM - NEW YORK MERCANTILE EXCHANGE","076651","76027","27969","22331"
"2015-12-15T00:00:00.000","PALLADIUM - NEW YORK MERCANTILE EXCHANGE","075651","24428","12991","5306"
"2015-12-22T00:00:00.000","PLATINUM - NEW YORK MERCANTILE EXCHANGE","076651","69653","26583","18531"
"2015-12-22T00:00:00.000","PALLADIUM - NEW YORK MERCANTILE EXCHANGE","075651","23778","13143","4673"
"2015-12-29T00:00:00.000","PLATINUM - NEW YORK MERCANTILE EXCHANGE","076651","66584","26201","17299"
"2015-12-29T00:00:00.000","PALLADIUM - NEW YORK MERCANTILE EXCHANGE","075651","24119","13329","4707"
"2016-01-05T00:00:00.000","PLATINUM - NEW YORK MERCANTILE EXCHANGE","076651","65506","26401","15995"
"2016-01-05T00:00:00.000","PALLADIUM - NEW YORK MERCANTILE EXCHANGE","075651","25036","13169","5257"
"2016-01-12T00:00:00.000","PLATINUM - NEW YORK MERCANTILE EXCHANGE","076651","69088","26880","17657"
"2016-01-12T00:00:00.000","PALLADIUM - NEW YORK MERCANTILE EXCHANGE","075651","27222","12991","6975"
"2016-01-19T00:00:00.000","PLATINUM - NEW YORK MERCANTILE EXCHANGE","076651","70000","26805","20787"
"2016-01-19T00:00:00.000","PALLADIUM - NEW YORK MERCANTILE EXCHANGE","075651","26180","13652","6956"
"2016-01-26T00:00:00.000","PLATINUM - NEW YORK MERCANTILE EXCHANGE","076651","67395","26546","19254"
"2016-01-26T00:00:00.000","PALLADIUM - NEW YORK MERCANTILE EXCHANGE","075651","25779","12855","6758"
"2016-02-02T00:00:00.000","PLATINUM - NEW YORK MERCANTILE EXCHANGE","076651","66265","25587","17410"
"2016-02-02T00:00:00.000","PALLADIUM - NEW YORK MERCANTILE EXCHANGE","075651","26235","12982","6932"
"2016-02-09T00:00:00.000","PLATINUM - NEW YORK MERCANTILE EXCHANGE","076651","65426","26857","12712"
"2016-02-09T00:00:00.000","PALLADIUM - NEW YORK MERCANTILE EXCHANGE","075651","27198","13783","7221"
"2016-02-16T00:00:00.000","PLATINUM - NEW YORK MERCANTILE EXCHANGE","076651","64876","27302","9834"
"2016-02-16T00:00:00.000","PALLADIUM - NEW YORK MERCANTILE EXCHANGE","075651","28117","13769","7116"
"2016-02-23T00:00:00.000","PLATINUM - NEW YORK MERCANTILE EXCHANGE","076651","64316","26662","8409"
"2016-02-23T00:00:00.000","PALLADIUM - NEW YORK MERCANTILE EXCHANGE","075651","28091","12401","7577"
"2016-03-01T00:00:00.000","PLATINUM - NEW YORK MERCANTILE EXCHANGE","076651","66211","27262","7447"
"2016-03-01T00:00:00.000","PALLADIUM - NEW YORK MERCANTILE EXCHANGE","075651","25293","11845","7918"
"2016-03-08T00:00:00.000","PLATINUM - NEW YORK MERCANTILE EXCHANGE","076651","64142","25241","6961"
"2016-03-08T00:00:00.000","PALLADIUM - NEW YORK MERCANTILE EXCHANGE","075651","23425","12182","6011"
"2016-03-15T00:00:00.000","PLATINUM - NEW YORK MERCANTILE EXCHANGE","076651","63234","25005","8151"
"2016-03-15T00:00:00.000","PALLADIUM - NEW YORK MERCANTILE EXCHANGE","075651","22064","11631","4818"
"2016-03-22T00:00:00.000","PLATINUM - NEW YORK MERCANTILE EXCHANGE","076651","62649","24299","7372"
"2016-03-22T00:00:00.000","PALLADIUM - NEW YORK MERCANTILE EXCHANGE","075651","22446","12210","3997"
"2016-03-29T00:00:00.000","PALLADIUM - NEW YORK MERCANTILE EXCHANGE","075651","22670","11784","4381"
"2016-03-29T00:00:00.000","PLATINUM - NEW YORK MERCANTILE EXCHANGE","076651","58313","22600","7871"
"2016-04-05T00:00:00.000","PLATINUM - NEW YORK MERCANTILE EXCHANGE","076651","55898","22402","7746"
"2016-04-05T00:00:00.000","PALLADIUM - NEW YORK MERCANTILE EXCHANGE","075651","22736","11592","5155"
"2016-04-12T00:00:00.000","PLATINUM - NEW YORK MERCANTILE EXCHANGE","076651","56899","23226","6801"
"2016-04-12T00:00:00.000","PALLADIUM - NEW YORK MERCANTILE EXCHANGE","075651","24523","11771","6983"
"2016-04-19T00:00:00.000","PLATINUM - NEW YORK MERCANTILE EXCHANGE","076651","60387","25095","7509"
"2016-04-19T00:00:00.000","PALLADIUM - NEW YORK MERCANTILE EXCHANGE","075651","24352","12207","6646"
"2016-04-26T00:00:00.000","PLATINUM - NEW YORK MERCANTILE EXCHANGE","076651","62482","27704","6628"
"2016-04-26T00:00:00.000","PALLADIUM - NEW YORK MERCANTILE EXCHANGE","075651","22958","11898","4733"
"2016-05-03T00:00:00.000","PLATINUM - NEW YORK MERCANTILE EXCHANGE","076651","64158","29742","5712"
"2016-05-03T00:00:00.000","PALLADIUM - NEW YORK MERCANTILE EXCHANGE","075651","22749","12229","3918"
"2016-05-10T00:00:00.000","PLATINUM - NEW YORK MERCANTILE EXCHANGE","076651","65493","30478","6443"
"2016-05-10T00:00:00.000","PALLADIUM - NEW YORK MERCANTILE EXCHANGE","075651","24651","11140","4232"
"2016-05-17T00:00:00.000","PLATINUM - NEW YORK MERCANTILE EXCHANGE","076651","66689","32466","7820"
"2016-05-17T00:00:00.000","PALLADIUM - NEW YORK MERCANTILE EXCHANGE","075651","24978","10634","3801"
"2016-05-24T00:00:00.000","PLATINUM - NEW YORK MERCANTILE EXCHANGE","076651","64186","30802","7716"
"2016-05-24T00:00:00.000","PALLADIUM - NEW YORK MERCANTILE EXCHANGE","075651","23153","10017","4433"
"2016-05-31T00:00:00.000","PLATINUM - NEW YORK MERCANTILE EXCHANGE","076651","61795","27311","9264"
"2016-05-31T00:00:00.000","PALLADIUM - NEW YORK MERCANTILE EXCHANGE","075651","22341","11042","5437"
"2016-06-07T00:00:00.000","PLATINUM - NEW YORK MERCANTILE EXCHANGE","076651","63185","27564","10031"
"2016-06-07T00:00:00.000","PALLADIUM - NEW YORK MERCANTILE EXCHANGE","075651","23144","11772","6739"
"2016-06-14T00:00:00.000","PLATINUM - NEW YORK MERCANTILE EXCHANGE","076651","66103","27436","11390"
"2016-06-14T00:00:00.000","PALLADIUM - NEW YORK MERCANTILE EXCHANGE","075651","23750","11171","7220"
"2016-06-21T00:00:00.000","PLATINUM - NEW YORK MERCANTILE EXCHANGE","076651","64950","25936","10890"
"2016-06-21T00:00:00.000","PALLADIUM - NEW YORK MERCANTILE EXCHANGE","075651","23998","11192","7564"
"2016-06-28T00:00:00.000","PLATINUM - NEW YORK MERCANTILE EXCHANGE","076651","62873","24065","10529"
"2016-06-28T00:00:00.000","PALLADIUM - NEW YORK MERCANTILE EXCHANGE","075651","21616","10841","5889"
"2016-07-05T00:00:00.000","PLATINUM - NEW YORK MERCANTILE EXCHANGE","076651","63840","27358","7513"
"2016-07-05T00:00:00.000","PALLADIUM - NEW YORK MERCANTILE EXCHANGE","075651","21620","10921","4079"
"2016-07-12T00:00:00.000","PLATINUM - NEW YORK MERCANTILE EXCHANGE","076651","70300","32795","7418"
"2016-07-12T00:00:00.000","PALLADIUM - NEW YORK MERCANTILE EXCHANGE","075651","22949","11269","3292"
"2016-07-19T00:00:00.000","PLATINUM - NEW YORK MERCANTILE EXCHANGE","076651","74782","36963","6889"
"2016-07-19T00:00:00.000","PALLADIUM - NEW YORK MERCANTILE EXCHANGE","075651","23595","12835","2041"
"2016-07-26T00:00:00.000","PALLADIUM - NEW YORK MERCANTILE EXCHANGE","075651","26677","16512","1581"
"2016-07-26T00:00:00.000","PLATINUM - NEW YORK MERCANTILE EXCHANGE","076651","77014","43411","6559"
"2016-08-02T00:00:00.000","PLATINUM - NEW YORK MERCANTILE EXCHANGE","076651","79541","46585","6645"
"2016-08-02T00:00:00.000","PALLADIUM - NEW YORK MERCANTILE EXCHANGE","075651","29287","19040","1426"
"2016-08-09T00:00:00.000","PLATINUM - NEW YORK MERCANTILE EXCHANGE","076651","80645","48084","5738"
"2016-08-09T00:00:00.000","PALLADIUM - NEW YORK MERCANTILE EXCHANGE","075651","30272","19597","1466"
"2016-08-16T00:00:00.000","PLATINUM - NEW YORK MERCANTILE EXCHANGE","076651","80960","47243","7299"
"2016-08-16T00:00:00.000","PALLADIUM - NEW YORK MERCANTILE EXCHANGE","075651","29123","18472","1309"
"2016-08-23T00:00:00.000","PLATINUM - NEW YORK MERCANTILE EXCHANGE","076651","81801","46890","7397"
"2016-08-23T00:00:00.000","PALLADIUM - NEW YORK MERCANTILE EXCHANGE","075651","27809","17662","1329"
"2016-08-30T00:00:00.000","PLATINUM - NEW YORK MERCANTILE EXCHANGE","076651","79543","41517","8290"
"2016-08-30T00:00:00.000","PALLADIUM - NEW YORK MERCANTILE EXCHANGE","075651","25545","17088","2243"
"2016-09-06T00:00:00.000","PLATINUM - NEW YORK MERCANTILE EXCHANGE","076651","77629","37970","8157"
"2016-09-06T00:00:00.000","PALLADIUM - NEW YORK MERCANTILE EXCHANGE","075651","25451","16734","2176"
"2016-09-13T00:00:00.000","PLATINUM - NEW YORK MERCANTILE EXCHANGE","076651","76199","35019","9694"
"2016-09-13T00:00:00.000","PALLADIUM - NEW YORK MERCANTILE EXCHANGE","075651","24477","15697","2821"
"2016-09-20T00:00:00.000","PLATINUM - NEW YORK MERCANTILE EXCHANGE","076651","74671","32378","9892"
"2016-09-20T00:00:00.000","PALLADIUM - NEW YORK MERCANTILE EXCHANGE","075651","24674","15521","2797"
"2016-09-27T00:00:00.000","PLATINUM - NEW YORK MERCANTILE EXCHANGE","076651","70394","31325","10146"
"2016-09-27T00:00:00.000","PALLADIUM - NEW YORK MERCANTILE EXCHANGE","075651","26048","16413","2644"
"2016-10-04T00:00:00.000","PLATINUM - NEW YORK MERCANTILE EXCHANGE","076651","69695","30899","13552"
"2016-10-04T00:00:00.000","PALLADIUM - NEW YORK MERCANTILE EXCHANGE","075651","27978","17418","3099"
"2016-10-11T00:00:00.000","PLATINUM - NEW YORK MERCANTILE EXCHANGE","076651","69710","28274","16958"
"2016-10-11T00:00:00.000","PALLADIUM - NEW YORK MERCANTILE EXCHANGE","075651","25107","16442","3017"
"2016-10-18T00:00:00.000","PLATINUM - NEW YORK MERCANTILE EXCHANGE","076651","69494","27267","20764"
"2016-10-18T00:00:00.000","PALLADIUM - NEW YORK MERCANTILE EXCHANGE","075651","22997","13236","2878"
"2016-10-25T00:00:00.000","PALLADIUM - NEW YORK MERCANTILE EXCHANGE","075651","21605","11266","2912"
"2016-10-25T00:00:00.000","PLATINUM - NEW YORK MERCANTILE EXCHANGE","076651","70383","27808","22980"
"2016-11-01T00:00:00.000","PLATINUM - NEW YORK MERCANTILE EXCHANGE","076651","71112","30617","22604"
"2016-11-01T00:00:00.000","PALLADIUM - NEW YORK MERCANTILE EXCHANGE","075651","22766","10668","4754"
"2016-11-08T00:00:00.000","PLATINUM - NEW YORK MERCANTILE EXCHANGE","076651","66469","30545","14854"
"2016-11-08T00:00:00.000","PALLADIUM - NEW YORK MERCANTILE EXCHANGE","075651","22296","10449","3765"
"2016-11-15T00:00:00.000","PLATINUM - NEW YORK MERCANTILE EXCHANGE","076651","63255","26101","15521"
"2016-11-15T00:00:00.000","PALLADIUM - NEW YORK MERCANTILE EXCHANGE","075651","23177","11353","2131"
"2016-11-22T00:00:00.000","PALLADIUM - NEW YORK MERCANTILE EXCHANGE","075651","27518","13492","1026"
"2016-11-22T00:00:00.000","PLATINUM - NEW YORK MERCANTILE EXCHANGE","076651","65403","26926","18153"
"2016-11-29T00:00:00.000","PLATINUM - NEW YORK MERCANTILE EXCHANGE","076651","69551","27286","20607"
"2016-11-29T00:00:00.000","PALLADIUM - NEW YORK MERCANTILE EXCHANGE","075651","26153","15098","1351"
"2016-12-06T00:00:00.000","PLATINUM - NEW YORK MERCANTILE EXCHANGE","076651","67342","27686","18649"
"2016-12-06T00:00:00.000","PALLADIUM - NEW YORK MERCANTILE EXCHANGE","075651","27640","17061","1740"
"2016-12-13T00:00:00.000","PLATINUM - NEW YORK MERCANTILE EXCHANGE","076651","66814","25895","15645"
"2016-12-13T00:00:00.000","PALLADIUM - NEW YORK MERCANTILE EXCHANGE","075651","27269","17103","1828"
"2016-12-20T00:00:00.000","PLATINUM - NEW YORK MERCANTILE EXCHANGE","076651","64352","24010","12860"
"2016-12-20T00:00:00.000","PALLADIUM - NEW YORK MERCANTILE EXCHANGE","075651","25156","15724","1573"
"2016-12-27T00:00:00.000","PLATINUM - NEW YORK MERCANTILE EXCHANGE","076651","63714","22963","13775"
"2016-12-27T00:00:00.000","PALLADIUM - NEW YORK MERCANTILE EXCHANGE","075651","24290","14325","1583"
"2017-01-03T00:00:00.000","PLATINUM - NEW YORK MERCANTILE EXCHANGE","076651","64102","23568","15343"
"2017-01-03T00:00:00.000","PALLADIUM - NEW YORK MERCANTILE EXCHANGE","075651","24483","14143","1532"
"2017-01-10T00:00:00.000","PLATINUM - NEW YORK MERCANTILE EXCHANGE","076651","62061","23993","8956"
"2017-01-10T00:00:00.000","PALLADIUM - NEW YORK MERCANTILE EXCHANGE","075651","26971","15809","1274"
"2017-01-17T00:00:00.000","PLATINUM - NEW YORK MERCANTILE EXCHANGE","076651","63219","25265","7733"
"2017-01-17T00:00:00.000","PALLADIUM - NEW YORK MERCANTILE EXCHANGE","075651","28383","17053","2166"
"2017-01-24T00:00:00.000","PLATINUM - NEW YORK MERCANTILE EXCHANGE","076651","62823","28574","5886"
"2017-01-24T00:00:00.000","PALLADIUM - NEW YORK MERCANTILE EXCHANGE","075651","30826","19938","1879"
"2017-01-31T00:00:00.000","PLATINUM - NEW YORK MERCANTILE EXCHANGE","076651","64552","30211","4926"
"2017-01-31T00:00:00.000","PALLADIUM - NEW YORK MERCANTILE EXCHANGE","075651","28488","17685","1697"
"2017-02-07T00:00:00.000","PLATINUM - NEW YORK MERCANTILE EXCHANGE","076651","64811","30222","3512"
"2017-02-07T00:00:00.000","PALLADIUM - NEW YORK MERCANTILE EXCHANGE","075651","29331","18069","1960"
"2017-02-14T00:00:00.000","PLATINUM - NEW YORK MERCANTILE EXCHANGE","076651","65179","29675","3449"
"2017-02-14T00:00:00.000","PALLADIUM - NEW YORK MERCANTILE EXCHANGE","075651","30408","18549","1447"
"2017-02-21T00:00:00.000","PLATINUM - NEW YORK MERCANTILE EXCHANGE","076651","65938","29288","3562"
"2017-02-21T00:00:00.000","PALLADIUM - NEW YORK MERCANTILE EXCHANGE","075651","30322","18639","1393"
"2017-02-28T00:00:00.000","PLATINUM - NEW YORK MERCANTILE EXCHANGE","076651","71200","32945","2598"
"2017-02-28T00:00:00.000","PALLADIUM - NEW YORK MERCANTILE EXCHANGE","075651","27645","18844","1461"
"2017-03-07T00:00:00.000","PLATINUM - NEW YORK MERCANTILE EXCHANGE","076651","68200","27726","3248"
"2017-03-07T00:00:00.000","PALLADIUM - NEW YORK MERCANTILE EXCHANGE","075651","27966","19634","1824"
"2017-03-14T00:00:00.000","PLATINUM - NEW YORK MERCANTILE EXCHANGE","076651","66039","21628","8541"
"2017-03-14T00:00:00.000","PALLADIUM - NEW YORK MERCANTILE EXCHANGE","075651","27837","19295","1904"
"2017-03-21T00:00:00.000","PALLADIUM - NEW YORK MERCANTILE EXCHANGE","075651","29594","20945","1723"
"2017-03-21T00:00:00.000","PLATINUM - NEW YORK MERCANTILE EXCHANGE","076651","67455","20721","10338"
"2017-03-28T00:00:00.000","PLATINUM - NEW YORK MERCANTILE EXCHANGE","076651","66094","19691","11544"
"2017-03-28T00:00:00.000","PALLADIUM - NEW YORK MERCANTILE EXCHANGE","075651","32450","23718","1493"
"2017-04-04T00:00:00.000","PLATINUM - NEW YORK MERCANTILE EXCHANGE","076651","63741","20694","14249"
"2017-04-04T00:00:00.000","PALLADIUM - NEW YORK MERCANTILE EXCHANGE","075651","33938","24651","1400"
"2017-04-11T00:00:00.000","PLATINUM - NEW YORK MERCANTILE EXCHANGE","076651","64829","20180","15441"
"2017-04-11T00:00:00.000","PALLADIUM - NEW YORK MERCANTILE EXCHANGE","075651","34518","25302","1410"
"2017-04-18T00:00:00.000","PLATINUM - NEW YORK MERCANTILE EXCHANGE","076651","66022","21917","13835"
"2017-04-18T00:00:00.000","PALLADIUM - NEW YORK MERCANTILE EXCHANGE","075651","33619","23539","1306"
"2017-04-25T00:00:00.000","PLATINUM - NEW YORK MERCANTILE EXCHANGE","076651","65327","20599","14033"
"2017-04-25T00:00:00.000","PALLADIUM - NEW YORK MERCANTILE EXCHANGE","075651","34121","23423","1481"
"2017-05-02T00:00:00.000","PLATINUM - NEW YORK MERCANTILE EXCHANGE","076651","71757","20100","24479"
"2017-05-02T00:00:00.000","PALLADIUM - NEW YORK MERCANTILE EXCHANGE","075651","36686","25190","1457"
"2017-05-09T00:00:00.000","PLATINUM - NEW YORK MERCANTILE EXCHANGE","076651","76104","22229","33009"
"2017-05-09T00:00:00.000","PALLADIUM - NEW YORK MERCANTILE EXCHANGE","075651","37329","24619","1508"
"2017-05-16T00:00:00.000","PLATINUM - NEW YORK MERCANTILE EXCHANGE","076651","74421","23128","31718"
"2017-05-16T00:00:00.000","PALLADIUM - NEW YORK MERCANTILE EXCHANGE","075651","37379","24164","2091"
"2017-05-23T00:00:00.000","PLATINUM - NEW YORK MERCANTILE EXCHANGE","076651","70625","22854","27425"
"2017-05-23T00:00:00.000","PALLADIUM - NEW YORK MERCANTILE EXCHANGE","075651","33324","20967","2176"
"2017-05-30T00:00:00.000","PLATINUM - NEW YORK MERCANTILE EXCHANGE","076651","69380","22345","24622"
"2017-05-30T00:00:00.000","PALLADIUM - NEW YORK MERCANTILE EXCHANGE","075651","29926","20941","2232"
"2017-06-06T00:00:00.000","PLATINUM - NEW YORK MERCANTILE EXCHANGE","076651","69495","22599","23104"
"2017-06-06T00:00:00.000","PALLADIUM - NEW YORK MERCANTILE EXCHANGE","075651","34586","25444","1886"
"2017-06-13T00:00:00.000","PLATINUM - NEW YORK MERCANTILE EXCHANGE","076651","76040","21978","28904"
"2017-06-13T00:00:00.000","PALLADIUM - NEW YORK MERCANTILE EXCHANGE","075651","36107","26586","1940"
"2017-06-20T00:00:00.000","PLATINUM - NEW YORK MERCANTILE EXCHANGE","076651","75380","22045","29885"
"2017-06-20T00:00:00.000","PALLADIUM - NEW YORK MERCANTILE EXCHANGE","075651","36559","26714","1718"
"2017-06-27T00:00:00.000","PLATINUM - NEW YORK MERCANTILE EXCHANGE","076651","76578","22937","32830"
"2017-06-27T00:00:00.000","PALLADIUM - NEW YORK MERCANTILE EXCHANGE","075651","35760","26121","1897"
"2017-07-03T00:00:00.000","PLATINUM - NEW YORK MERCANTILE EXCHANGE","076651","72797","21534","33515"
"2017-07-03T00:00:00.000","PALLADIUM - NEW YORK MERCANTILE EXCHANGE","075651","34412","25228","2002"
"2017-07-11T00:00:00.000","PLATINUM - NEW YORK MERCANTILE EXCHANGE","076651","74471","22446","35561"
"2017-07-11T00:00:00.000","PALLADIUM - NEW YORK MERCANTILE EXCHANGE","075651","33097","23259","1388"
"2017-07-18T00:00:00.000","PALLADIUM - NEW YORK MERCANTILE EXCHANGE","075651","33495","23444","1380"
"2017-07-18T00:00:00.000","PLATINUM - NEW YORK MERCANTILE EXCHANGE","076651","72456","22112","32352"
"2017-07-25T00:00:00.000","PLATINUM - NEW YORK MERCANTILE EXCHANGE","076651","71062","22459","30354"
"2017-07-25T00:00:00.000","PALLADIUM - NEW YORK MERCANTILE EXCHANGE","075651","33529","23301","1177"
"2017-08-01T00:00:00.000","PLATINUM - NEW YORK MERCANTILE EXCHANGE","076651","72421","24106","29138"
"2017-08-01T00:00:00.000","PALLADIUM - NEW YORK MERCANTILE EXCHANGE","075651","34842","24745","1239"
"2017-08-08T00:00:00.000","PLATINUM - NEW YORK MERCANTILE EXCHANGE","076651","70550","26199","18816"
"2017-08-08T00:00:00.000","PALLADIUM - NEW YORK MERCANTILE EXCHANGE","075651","35434","25392","1516"
"2017-08-15T00:00:00.000","PLATINUM - NEW YORK MERCANTILE EXCHANGE","076651","70177","27679","14731"
"2017-08-15T00:00:00.000","PALLADIUM - NEW YORK MERCANTILE EXCHANGE","075651","35126","25664","1520"
"2017-08-22T00:00:00.000","PLATINUM - NEW YORK MERCANTILE EXCHANGE","076651","71946","29837","12348"
"2017-08-22T00:00:00.000","PALLADIUM - NEW YORK MERCANTILE EXCHANGE","075651","36674","26578","1500"
"2017-08-29T00:00:00.000","PLATINUM - NEW YORK MERCANTILE EXCHANGE","076651","75270","31926","11425"
"2017-08-29T00:00:00.000","PALLADIUM - NEW YORK MERCANTILE EXCHANGE","075651","35003","26426","1501"
"2017-09-05T00:00:00.000","PLATINUM - NEW YORK MERCANTILE EXCHANGE","076651","79308","35038","11959"
"2017-09-05T00:00:00.000","PALLADIUM - NEW YORK MERCANTILE EXCHANGE","075651","34977","26393","1068"
"2017-09-12T00:00:00.000","PLATINUM - NEW YORK MERCANTILE EXCHANGE","076651","80477","37188","12060"
"2017-09-12T00:00:00.000","PALLADIUM - NEW YORK MERCANTILE EXCHANGE","075651","33331","24604","990"
"2017-09-19T00:00:00.000","PLATINUM - NEW YORK MERCANTILE EXCHANGE","076651","76633","30316","11628"
"2017-09-19T00:00:00.000","PALLADIUM - NEW YORK MERCANTILE EXCHANGE","075651","31864","22972","798"
"2017-09-26T00:00:00.000","PLATINUM - NEW YORK MERCANTILE EXCHANGE","076651","70987","22156","14556"
"2017-09-26T00:00:00.000","PALLADIUM - NEW YORK MERCANTILE EXCHANGE","075651","30568","22326","798"
"2017-10-03T00:00:00.000","PLATINUM - NEW YORK MERCANTILE EXCHANGE","076651","71860","22233","20162"
"2017-10-03T00:00:00.000","PALLADIUM - NEW YORK MERCANTILE EXCHANGE","075651","30590","22278","864"
"2017-10-10T00:00:00.000","PLATINUM - NEW YORK MERCANTILE EXCHANGE","076651","75931","24708","26241"
"2017-10-10T00:00:00.000","PALLADIUM - NEW YORK MERCANTILE EXCHANGE","075651","31198","22712","905"
"2017-10-17T00:00:00.000","PLATINUM - NEW YORK MERCANTILE EXCHANGE","076651","75448","25052","24661"
"2017-10-17T00:00:00.000","PALLADIUM - NEW YORK MERCANTILE EXCHANGE","075651","35235","25141","1268"
"2017-10-24T00:00:00.000","PLATINUM - NEW YORK MERCANTILE EXCHANGE","076651","75692","23198","25365"
"2017-10-24T00:00:00.000","PALLADIUM - NEW YORK MERCANTILE EXCHANGE","075651","33411","23906","1159"
"2017-10-31T00:00:00.000","PLATINUM - NEW YORK MERCANTILE EXCHANGE","076651","77828","24247","26246"
"2017-10-31T00:00:00.000","PALLADIUM - NEW YORK MERCANTILE EXCHANGE","075651","34052","24002","1304"
"2017-11-07T00:00:00.000","PLATINUM - NEW YORK MERCANTILE EXCHANGE","076651","78380","25480","25637"
"2017-11-07T00:00:00.000","PALLADIUM - NEW YORK MERCANTILE EXCHANGE","075651","35650","24847","1191"
"2017-11-14T00:00:00.000","PLATINUM - NEW YORK MERCANTILE EXCHANGE","076651","78974","26779","24080"
"2017-11-14T00:00:00.000","PALLADIUM - NEW YORK MERCANTILE EXCHANGE","075651","36128","24604","1290"
"2017-11-21T00:00:00.000","PALLADIUM - NEW YORK MERCANTILE EXCHANGE","075651","34806","24494","1206"
"2017-11-21T00:00:00.000","PLATINUM - NEW YORK MERCANTILE EXCHANGE","076651","77941","26741","22591"
"2017-11-28T00:00:00.000","PLATINUM - NEW YORK MERCANTILE EXCHANGE","076651","78435","28538","17621"
"2017-11-28T00:00:00.000","PALLADIUM - NEW YORK MERCANTILE EXCHANGE","075651","35677","26246","1326"
"2017-12-05T00:00:00.000","PALLADIUM - NEW YORK MERCANTILE EXCHANGE","075651","33706","26172","1465"
"2017-12-05T00:00:00.000","PLATINUM - NEW YORK MERCANTILE EXCHANGE","076651","78993","29283","20490"
"2017-12-12T00:00:00.000","PLATINUM - NEW YORK MERCANTILE EXCHANGE","076651","88076","27210","34934"
"2017-12-12T00:00:00.000","PALLADIUM - NEW YORK MERCANTILE EXCHANGE","075651","34124","25926","1420"
"2017-12-19T00:00:00.000","PLATINUM - NEW YORK MERCANTILE EXCHANGE","076651","87329","26741","35576"
"2017-12-19T00:00:00.000","PALLADIUM - NEW YORK MERCANTILE EXCHANGE","075651","35321","26608","1565"
"2017-12-26T00:00:00.000","PLATINUM - NEW YORK MERCANTILE EXCHANGE","076651","85616","27787","33014"
"2017-12-26T00:00:00.000","PALLADIUM - NEW YORK MERCANTILE EXCHANGE","075651","36407","27178","1436"
"2018-01-02T00:00:00.000","PLATINUM - NEW YORK MERCANTILE EXCHANGE","076651","81677","26032","30294"
"2018-01-02T00:00:00.000","PALLADIUM - NEW YORK MERCANTILE EXCHANGE","075651","38141","28517","1375"
"2018-01-09T00:00:00.000","PLATINUM - NEW YORK MERCANTILE EXCHANGE","076651","80569","27328","17890"
"2018-01-09T00:00:00.000","PALLADIUM - NEW YORK MERCANTILE EXCHANGE","075651","39556","28903","1372"
"2018-01-16T00:00:00.000","PLATINUM - NEW YORK MERCANTILE EXCHANGE","076651","85179","33163","15388"
"2018-01-16T00:00:00.000","PALLADIUM - NEW YORK MERCANTILE EXCHANGE","075651","39137","28403","1403"
"2018-01-23T00:00:00.000","PLATINUM - NEW YORK MERCANTILE EXCHANGE","076651","90494","41628","14352"
"2018-01-23T00:00:00.000","PALLADIUM - NEW YORK MERCANTILE EXCHANGE","075651","38232","27021","1225"
"2018-01-30T00:00:00.000","PLATINUM - NEW YORK MERCANTILE EXCHANGE","076651","92167","43912","13239"
"2018-01-30T00:00:00.000","PALLADIUM - NEW YORK MERCANTILE EXCHANGE","075651","36720","25020","1194"
"2018-02-06T00:00:00.000","PLATINUM - NEW YORK MERCANTILE EXCHANGE","076651","90932","42933","14189"
"2018-02-06T00:00:00.000","PALLADIUM - NEW YORK MERCANTILE EXCHANGE","075651","32330","21146","1165"
"2018-02-13T00:00:00.000","PLATINUM - NEW YORK MERCANTILE EXCHANGE","076651","84126","38045","12619"
"2018-02-13T00:00:00.000","PALLADIUM - NEW YORK MERCANTILE EXCHANGE","075651","28638","16754","1084"
"2018-02-20T00:00:00.000","PLATINUM - NEW YORK MERCANTILE EXCHANGE","076651","85249","40079","12634"
"2018-02-20T00:00:00.000","PALLADIUM - NEW YORK MERCANTILE EXCHANGE","075651","29036","16391","922"
"2018-02-27T00:00:00.000","PLATINUM - NEW YORK MERCANTILE EXCHANGE","076651","85924","39355","12810"
"2018-02-27T00:00:00.000","PALLADIUM - NEW YORK MERCANTILE EXCHANGE","075651","27987","17501","930"
"2018-03-06T00:00:00.000","PLATINUM - NEW YORK MERCANTILE EXCHANGE","076651","80653","31485","10963"
"2018-03-06T00:00:00.000","PALLADIUM - NEW YORK MERCANTILE EXCHANGE","075651","25618","15068","1030"
"2018-03-13T00:00:00.000","PLATINUM - NEW YORK MERCANTILE EXCHANGE","076651","79225","27432","10691"
"2018-03-13T00:00:00.000","PALLADIUM - NEW YORK MERCANTILE EXCHANGE","075651","24804","13574","1046"
"2018-03-20T00:00:00.000","PLATINUM - NEW YORK MERCANTILE EXCHANGE","076651","78021","25770","12232"
"2018-03-20T00:00:00.000","PALLADIUM - NEW YORK MERCANTILE EXCHANGE","075651","24524","13174","1193"
"2018-03-27T00:00:00.000","PALLADIUM - NEW YORK MERCANTILE EXCHANGE","075651","24117","12873","1258"
"2018-03-27T00:00:00.000","PLATINUM - NEW YORK MERCANTILE EXCHANGE","076651","76610","22830","13990"
"2018-04-03T00:00:00.000","PLATINUM - NEW YORK MERCANTILE EXCHANGE","076651","75757","20237","18792"
"2018-04-03T00:00:00.000","PALLADIUM - NEW YORK MERCANTILE EXCHANGE","075651","23486","11501","2134"
"2018-04-10T00:00:00.000","PLATINUM - NEW YORK MERCANTILE EXCHANGE","076651","76230","19329","23411"
"2018-04-10T00:00:00.000","PALLADIUM - NEW YORK MERCANTILE EXCHANGE","075651","22839","10418","3123"
"2018-04-17T00:00:00.000","PLATINUM - NEW YORK MERCANTILE EXCHANGE","076651","76193","21271","24146"
"2018-04-17T00:00:00.000","PALLADIUM - NEW YORK MERCANTILE EXCHANGE","075651","23165","10653","1919"
"2018-04-24T00:00:00.000","PALLADIUM - NEW YORK MERCANTILE EXCHANGE","075651","23712","10892","1346"
"2018-04-24T00:00:00.000","PLATINUM - NEW YORK MERCANTILE EXCHANGE","076651","76044","22796","24941"
"2018-05-01T00:00:00.000","PLATINUM - NEW YORK MERCANTILE EXCHANGE","076651","80633","22813","33754"
"2018-05-01T00:00:00.000","PALLADIUM - NEW YORK MERCANTILE EXCHANGE","075651","23155","10393","1543"
"2018-05-08T00:00:00.000","PLATINUM - NEW YORK MERCANTILE EXCHANGE","076651","80411","23247","34435"
"2018-05-08T00:00:00.000","PALLADIUM - NEW YORK MERCANTILE EXCHANGE","075651","22451","9368","1244"
"2018-05-15T00:00:00.000","PLATINUM - NEW YORK MERCANTILE EXCHANGE","076651","80140","21884","35517"
"2018-05-15T00:00:00.000","PALLADIUM - NEW YORK MERCANTILE EXCHANGE","075651","23876","10261","1554"
"2018-05-22T00:00:00.000","PLATINUM - NEW YORK MERCANTILE EXCHANGE","076651","80393","18004","38631"
"2018-05-22T00:00:00.000","PALLADIUM - NEW YORK MERCANTILE EXCHANGE","075651","23186","10382","1762"
"2018-05-29T00:00:00.000","PLATINUM - NEW YORK MERCANTILE EXCHANGE","076651","81357","20481","39171"
"2018-05-29T00:00:00.000","PALLADIUM - NEW YORK MERCANTILE EXCHANGE","075651","21741","9717","1624"
"2018-06-05T00:00:00.000","PLATINUM - NEW YORK MERCANTILE EXCHANGE","076651","84484","20504","39918"
"2018-06-05T00:00:00.000","PALLADIUM - NEW YORK MERCANTILE EXCHANGE","075651","21945","10450","1268"
"2018-06-12T00:00:00.000","PLATINUM - NEW YORK MERCANTILE EXCHANGE","076651","85886","21599","39560"
"2018-06-12T00:00:00.000","PALLADIUM - NEW YORK MERCANTILE EXCHANGE","075651","24391","12917","2015"
"2018-06-19T00:00:00.000","PLATINUM - NEW YORK MERCANTILE EXCHANGE","076651","88852","18164","43583"
"2018-06-19T00:00:00.000","PALLADIUM - NEW YORK MERCANTILE EXCHANGE","075651","23420","11635","2457"
"2018-06-26T00:00:00.000","PLATINUM - NEW YORK MERCANTILE EXCHANGE","076651","86452","17177","44063"
"2018-06-26T00:00:00.000","PALLADIUM - NEW YORK MERCANTILE EXCHANGE","075651","21959","9573","3276"
"2018-07-03T00:00:00.000","PLATINUM - NEW YORK MERCANTILE EXCHANGE","076651","83561","16250","44904"
"2018-07-03T00:00:00.000","PALLADIUM - NEW YORK MERCANTILE EXCHANGE","075651","21980","9761","3322"
"2018-07-10T00:00:00.000","PLATINUM - NEW YORK MERCANTILE EXCHANGE","076651","81535","16270","44980"
"2018-07-10T00:00:00.000","PALLADIUM - NEW YORK MERCANTILE EXCHANGE","075651","21707","8837","3679"
"2018-07-17T00:00:00.000","PLATINUM - NEW YORK MERCANTILE EXCHANGE","076651","80785","16537","46030"
"2018-07-17T00:00:00.000","PALLADIUM - NEW YORK MERCANTILE EXCHANGE","075651","21618","7910","4469"
"2018-07-24T00:00:00.000","PLATINUM - NEW YORK MERCANTILE EXCHANGE","076651","80021","18375","45932"
"2018-07-24T00:00:00.000","PALLADIUM - NEW YORK MERCANTILE EXCHANGE","075651","21457","7809","6064"
"2018-07-31T00:00:00.000","PLATINUM - NEW YORK MERCANTILE EXCHANGE","076651","82139","19415","46087"
"2018-07-31T00:00:00.000","PALLADIUM - NEW YORK MERCANTILE EXCHANGE","075651","22207","8702","5848"
"2018-08-07T00:00:00.000","PLATINUM - NEW YORK MERCANTILE EXCHANGE","076651","79082","18680","44665"
"2018-08-07T00:00:00.000","PALLADIUM - NEW YORK MERCANTILE EXCHANGE","075651","23010","8811","7104"
"2018-08-14T00:00:00.000","PLATINUM - NEW YORK MERCANTILE EXCHANGE","076651","83991","19862","47969"
"2018-08-14T00:00:00.000","PALLADIUM - NEW YORK MERCANTILE EXCHANGE","075651","24987","9308","8684"
"2018-08-21T00:00:00.000","PLATINUM - NEW YORK MERCANTILE EXCHANGE","076651","84057","18206","47031"
"2018-08-21T00:00:00.000","PALLADIUM - NEW YORK MERCANTILE EXCHANGE","075651","22879","8324","8797"
"2018-08-28T00:00:00.000","PLATINUM - NEW YORK MERCANTILE EXCHANGE","076651","85221","17413","47118"
"2018-08-28T00:00:00.000","PALLADIUM - NEW YORK MERCANTILE EXCHANGE","075651","20117","8151","6281"
"2018-09-04T00:00:00.000","PLATINUM - NEW YORK MERCANTILE EXCHANGE","076651","89546","18188","48577"
"2018-09-04T00:00:00.000","PALLADIUM - NEW YORK MERCANTILE EXCHANGE","075651","17993","8003","3820"
"2018-09-11T00:00:00.000","PALLADIUM - NEW YORK MERCANTILE EXCHANGE","075651","17214","7630","2877"
"2018-09-11T00:00:00.000","PLATINUM - NEW YORK MERCANTILE EXCHANGE","076651","93273","20400","46648"
"2018-09-18T00:00:00.000","PLATINUM - NEW YORK MERCANTILE EXCHANGE","076651","88533","21985","41828"
"2018-09-18T00:00:00.000","PALLADIUM - NEW YORK MERCANTILE EXCHANGE","075651","18188","7941","2746"
"2018-09-25T00:00:00.000","PLATINUM - NEW YORK MERCANTILE EXCHANGE","076651","75991","20824","34063"
"2018-09-25T00:00:00.000","PALLADIUM - NEW YORK MERCANTILE EXCHANGE","075651","21727","10842","3367"
"2018-10-02T00:00:00.000","PLATINUM - NEW YORK MERCANTILE EXCHANGE","076651","73139","22690","31587"
"2018-10-02T00:00:00.000","PALLADIUM - NEW YORK MERCANTILE EXCHANGE","075651","23614","12653","4039"
"2018-10-09T00:00:00.000","PLATINUM - NEW YORK MERCANTILE EXCHANGE","076651","74067","23018","29935"
"2018-10-09T00:00:00.000","PALLADIUM - NEW YORK MERCANTILE EXCHANGE","075651","24809","13772","4122"
"2018-10-16T00:00:00.000","PLATINUM - NEW YORK MERCANTILE EXCHANGE","076651","75547","23142","27163"
"2018-10-16T00:00:00.000","PALLADIUM - NEW YORK MERCANTILE EXCHANGE","075651","26328","14210","4521"
"2018-10-23T00:00:00.000","PLATINUM - NEW YORK MERCANTILE EXCHANGE","076651","74436","21317","26234"
"2018-10-23T00:00:00.000","PALLADIUM - NEW YORK MERCANTILE EXCHANGE","075651","28905","16289","4201"
"2018-10-30T00:00:00.000","PLATINUM - NEW YORK MERCANTILE EXCHANGE","076651","75001","24113","25798"
"2018-10-30T00:00:00.000","PALLADIUM - NEW YORK MERCANTILE EXCHANGE","075651","27386","15297","3850"
"2018-11-06T00:00:00.000","PLATINUM - NEW YORK MERCANTILE EXCHANGE","076651","74364","26196","17815"
"2018-11-06T00:00:00.000","PALLADIUM - NEW YORK MERCANTILE EXCHANGE","075651","27859","15570","3288"
"2018-11-13T00:00:00.000","PLATINUM - NEW YORK MERCANTILE EXCHANGE","076651","70152","25501","16430"
"2018-11-13T00:00:00.000","PALLADIUM - NEW YORK MERCANTILE EXCHANGE","075651","27460","15623","3068"
"2018-11-20T00:00:00.000","PLATINUM - NEW YORK MERCANTILE EXCHANGE","076651","69800","25200","17468"
"2018-11-20T00:00:00.000","PALLADIUM - NEW YORK MERCANTILE EXCHANGE","075651","26619","15857","2471"
"2018-11-27T00:00:00.000","PLATINUM - NEW YORK MERCANTILE EXCHANGE","076651","72373","26877","17774"
"2018-11-27T00:00:00.000","PALLADIUM - NEW YORK MERCANTILE EXCHANGE","075651","25748","15815","2044"
"2018-12-04T00:00:00.000","PLATINUM - NEW YORK MERCANTILE EXCHANGE","076651","76828","26606","26976"
"2018-12-04T00:00:00.000","PALLADIUM - NEW YORK MERCANTILE EXCHANGE","075651","26316","16523","2364"
"2018-12-11T00:00:00.000","PLATINUM - NEW YORK MERCANTILE EXCHANGE","076651","82550","27782","33063"
"2018-12-11T00:00:00.000","PALLADIUM - NEW YORK MERCANTILE EXCHANGE","075651","25736","15724","2402"
"2018-12-18T00:00:00.000","PLATINUM - NEW YORK MERCANTILE EXCHANGE","076651","82939","27742","33038"
"2018-12-18T00:00:00.000","PALLADIUM - NEW YORK MERCANTILE EXCHANGE","075651","26263","15882","2465"
"2018-12-24T00:00:00.000","PLATINUM - NEW YORK MERCANTILE EXCHANGE","076651","81640","28060","32949"
"2018-12-24T00:00:00.000","PALLADIUM - NEW YORK MERCANTILE EXCHANGE","075651","26179","15194","2086"
"2018-12-31T00:00:00.000","PLATINUM - NEW YORK MERCANTILE EXCHANGE","076651","82828","30719","35185"
"2018-12-31T00:00:00.000","PALLADIUM - NEW YORK MERCANTILE EXCHANGE","075651","26773","15516","2026"
"2019-01-08T00:00:00.000","PLATINUM - NEW YORK MERCANTILE EXCHANGE","076651","86645","29424","37550"
"2019-01-08T00:00:00.000","PALLADIUM - NEW YORK MERCANTILE EXCHANGE","075651","28529","16450","2740"
"2019-01-15T00:00:00.000","PLATINUM - NEW YORK MERCANTILE EXCHANGE","076651","83822","26637","37634"
"2019-01-15T00:00:00.000","PALLADIUM - NEW YORK MERCANTILE EXCHANGE","075651","28093","16694","2798"
"2019-01-22T00:00:00.000","PLATINUM - NEW YORK MERCANTILE EXCHANGE","076651","85889","24520","41211"
"2019-01-22T00:00:00.000","PALLADIUM - NEW YORK MERCANTILE EXCHANGE","075651","27062","15695","2441"
"2019-01-29T00:00:00.000","PALLADIUM - NEW YORK MERCANTILE EXCHANGE","075651","27205","15723","2499"
"2019-01-29T00:00:00.000","PLATINUM - NEW YORK MERCANTILE EXCHANGE","076651","82259","26215","39670"
"2019-02-05T00:00:00.000","PLATINUM - NEW YORK MERCANTILE EXCHANGE","076651","80894","24996","36697"
"2019-02-05T00:00:00.000","PALLADIUM - NEW YORK MERCANTILE EXCHANGE","075651","28782","16335","2876"
"2019-02-12T00:00:00.000","PLATINUM - NEW YORK MERCANTILE EXCHANGE","076651","85394","22769","42945"
"2019-02-12T00:00:00.000","PALLADIUM - NEW YORK MERCANTILE EXCHANGE","075651","28927","16708","2903"
"2019-02-19T00:00:00.000","PLATINUM - NEW YORK MERCANTILE EXCHANGE","076651","83413","25556","43769"
"2019-02-19T00:00:00.000","PALLADIUM - NEW YORK MERCANTILE EXCHANGE","075651","28490","17211","2564"
"2019-02-26T00:00:00.000","PLATINUM - NEW YORK MERCANTILE EXCHANGE","076651","79606","26469","27903"
"2019-02-26T00:00:00.000","PALLADIUM - NEW YORK MERCANTILE EXCHANGE","075651","27984","16916","2484"
"2019-03-05T00:00:00.000","PLATINUM - NEW YORK MERCANTILE EXCHANGE","076651","77483","25336","17866"
"2019-03-05T00:00:00.000","PALLADIUM - NEW YORK MERCANTILE EXCHANGE","075651","26465","16363","2299"
"2019-03-12T00:00:00.000","PLATINUM - NEW YORK MERCANTILE EXCHANGE","076651","77461","22471","22224"
"2019-03-12T00:00:00.000","PALLADIUM - NEW YORK MERCANTILE EXCHANGE","075651","26743","15628","2438"
"2019-03-19T00:00:00.000","PLATINUM - NEW YORK MERCANTILE EXCHANGE","076651","75915","22918","21927"
"2019-03-19T00:00:00.000","PALLADIUM - NEW YORK MERCANTILE EXCHANGE","075651","27084","15481","2636"
"2019-03-26T00:00:00.000","PLATINUM - NEW YORK MERCANTILE EXCHANGE","076651","72073","25330","15219"
"2019-03-26T00:00:00.000","PALLADIUM - NEW YORK MERCANTILE EXCHANGE","075651","27585","15440","2879"
"2019-04-02T00:00:00.000","PLATINUM - NEW YORK MERCANTILE EXCHANGE","076651","68064","24442","14324"
"2019-04-02T00:00:00.000","PALLADIUM - NEW YORK MERCANTILE EXCHANGE","075651","23841","12501","2062"
"2019-04-09T00:00:00.000","PLATINUM - NEW YORK MERCANTILE EXCHANGE","076651","74605","30876","10533"
"2019-04-09T00:00:00.000","PALLADIUM - NEW YORK MERCANTILE EXCHANGE","075651","22937","11629","1692"
"2019-04-16T00:00:00.000","PLATINUM - NEW YORK MERCANTILE EXCHANGE","076651","73727","31635","10597"
"2019-04-16T00:00:00.000","PALLADIUM - NEW YORK MERCANTILE EXCHANGE","075651","21712","10992","1756"
"2019-04-23T00:00:00.000","PLATINUM - NEW YORK MERCANTILE EXCHANGE","076651","75277","32524","10904"
"2019-04-23T00:00:00.000","PALLADIUM - NEW YORK MERCANTILE EXCHANGE","075651","22139","10998","1721"
"2019-04-30T00:00:00.000","PLATINUM - NEW YORK MERCANTILE EXCHANGE","076651","75798","32154","10295"
"2019-04-30T00:00:00.000","PALLADIUM - NEW YORK MERCANTILE EXCHANGE","075651","22689","11207","1265"
"2019-05-07T00:00:00.000","PLATINUM - NEW YORK MERCANTILE EXCHANGE","076651","74901","28984","11222"
"2019-05-07T00:00:00.000","PALLADIUM - NEW YORK MERCANTILE EXCHANGE","075651","21485","10537","1255"
"2019-05-14T00:00:00.000","PLATINUM - NEW YORK MERCANTILE EXCHANGE","076651","75331","26897","13885"
"2019-05-14T00:00:00.000","PALLADIUM - NEW YORK MERCANTILE EXCHANGE","075651","20834","9580","1461"
"2019-05-21T00:00:00.000","PLATINUM - NEW YORK MERCANTILE EXCHANGE","076651","78838","26542","25862"
"2019-05-21T00:00:00.000","PALLADIUM - NEW YORK MERCANTILE EXCHANGE","075651","20509","10064","1633"
"2019-05-28T00:00:00.000","PLATINUM - NEW YORK MERCANTILE EXCHANGE","076651","83398","25765","35449"
"2019-05-28T00:00:00.000","PALLADIUM - NEW YORK MERCANTILE EXCHANGE","075651","20105","10535","1251"
"2019-06-04T00:00:00.000","PLATINUM - NEW YORK MERCANTILE EXCHANGE","076651","83492","25748","38659"
"2019-06-04T00:00:00.000","PALLADIUM - NEW YORK MERCANTILE EXCHANGE","075651","18724","10655","1123"
"2019-06-11T00:00:00.000","PLATINUM - NEW YORK MERCANTILE EXCHANGE","076651","86371","22605","38304"
"2019-06-11T00:00:00.000","PALLADIUM - NEW YORK MERCANTILE EXCHANGE","075651","19001","11028","977"
"2019-06-18T00:00:00.000","PALLADIUM - NEW YORK MERCANTILE EXCHANGE","075651","21581","12044","1275"
"2019-06-18T00:00:00.000","PLATINUM - NEW YORK MERCANTILE EXCHANGE","076651","90782","21103","41823"
"2019-06-25T00:00:00.000","PLATINUM - NEW YORK MERCANTILE EXCHANGE","076651","88101","21633","44716"
"2019-06-25T00:00:00.000","PALLADIUM - NEW YORK MERCANTILE EXCHANGE","075651","22889","13872","2286"
"2019-07-02T00:00:00.000","PLATINUM - NEW YORK MERCANTILE EXCHANGE","076651","80391","21190","36820"
"2019-07-02T00:00:00.000","PALLADIUM - NEW YORK MERCANTILE EXCHANGE","075651","24091","15254","2413"
"2019-07-09T00:00:00.000","PLATINUM - NEW YORK MERCANTILE EXCHANGE","076651","78771","19963","35138"
"2019-07-09T00:00:00.000","PALLADIUM - NEW YORK MERCANTILE EXCHANGE","075651","25233","16703","2391"
"2019-07-16T00:00:00.000","PLATINUM - NEW YORK MERCANTILE EXCHANGE","076651","76824","20887","27070"
"2019-07-16T00:00:00.000","PALLADIUM - NEW YORK MERCANTILE EXCHANGE","075651","25227","16509","2347"
"2019-07-23T00:00:00.000","PLATINUM - NEW YORK MERCANTILE EXCHANGE","076651","77025","23742","23219"
"2019-07-23T00:00:00.000","PALLADIUM - NEW YORK MERCANTILE EXCHANGE","075651","25034","16362","2283"
"2019-07-30T00:00:00.000","PLATINUM - NEW YORK MERCANTILE EXCHANGE","076651","76346","25163","15396"
"2019-07-30T00:00:00.000","PALLADIUM - NEW YORK MERCANTILE EXCHANGE","075651","25548","16511","2183"
"2019-08-06T00:00:00.000","PLATINUM - NEW YORK MERCANTILE EXCHANGE","076651","75607","23979","16494"
"2019-08-06T00:00:00.000","PALLADIUM - NEW YORK MERCANTILE EXCHANGE","075651","24019","13725","2474"
"2019-08-13T00:00:00.000","PLATINUM - NEW YORK MERCANTILE EXCHANGE","076651","77101","24545","17998"
"2019-08-13T00:00:00.000","PALLADIUM - NEW YORK MERCANTILE EXCHANGE","075651","22254","12433","2237"
"2019-08-20T00:00:00.000","PLATINUM - NEW YORK MERCANTILE EXCHANGE","076651","77468","23192","20157"
"2019-08-20T00:00:00.000","PALLADIUM - NEW YORK MERCANTILE EXCHANGE","075651","22902","12144","1667"
"2019-08-27T00:00:00.000","PLATINUM - NEW YORK MERCANTILE EXCHANGE","076651","78397","24716","17243"
"2019-08-27T00:00:00.000","PALLADIUM - NEW YORK MERCANTILE EXCHANGE","075651","20769","11963","1197"
"2019-09-03T00:00:00.000","PLATINUM - NEW YORK MERCANTILE EXCHANGE","076651","88697","34761","14154"
"2019-09-03T00:00:00.000","PALLADIUM - NEW YORK MERCANTILE EXCHANGE","075651","20518","12921","1096"
"2019-09-10T00:00:00.000","PLATINUM - NEW YORK MERCANTILE EXCHANGE","076651","94478","37294","11559"
"2019-09-10T00:00:00.000","PALLADIUM - NEW YORK MERCANTILE EXCHANGE","075651","21038","13557","1395"
"2019-09-17T00:00:00.000","PLATINUM - NEW YORK MERCANTILE EXCHANGE","076651","98283","38105","13095"
"2019-09-17T00:00:00.000","PALLADIUM - NEW YORK MERCANTILE EXCHANGE","075651","21485","14469","1482"
"2019-09-24T00:00:00.000","PLATINUM - NEW YORK MERCANTILE EXCHANGE","076651","91821","38668","13592"
"2019-09-24T00:00:00.000","PALLADIUM - NEW YORK MERCANTILE EXCHANGE","075651","23270","14968","1367"
"2019-10-01T00:00:00.000","PLATINUM - NEW YORK MERCANTILE EXCHANGE","076651","85115","34431","16821"
"2019-10-01T00:00:00.000","PALLADIUM - NEW YORK MERCANTILE EXCHANGE","075651","23624","15206","1297"
"2019-10-08T00:00:00.000","PALLADIUM - NEW YORK MERCANTILE EXCHANGE","075651","25414","16134","1262"
"2019-10-08T00:00:00.000","PLATINUM - NEW YORK MERCANTILE EXCHANGE","076651","84222","32237","17729"
"2019-10-15T00:00:00.000","PLATINUM - NEW YORK MERCANTILE EXCHANGE","076651","85759","32130","18313"
"2019-10-15T00:00:00.000","PALLADIUM - NEW YORK MERCANTILE EXCHANGE","075651","26768","16643","2232"
"2019-10-22T00:00:00.000","PLATINUM - NEW YORK MERCANTILE EXCHANGE","076651","86338","33404","17475"
"2019-10-22T00:00:00.000","PALLADIUM - NEW YORK MERCANTILE EXCHANGE","075651","27469","16936","2742"
"2019-10-29T00:00:00.000","PLATINUM - NEW YORK MERCANTILE EXCHANGE","076651","88022","35048","12077"
"2019-10-29T00:00:00.000","PALLADIUM - NEW YORK MERCANTILE EXCHANGE","075651","28298","17234","2824"
"2019-11-05T00:00:00.000","PALLADIUM - NEW YORK MERCANTILE EXCHANGE","075651","27557","16609","3048"
"2019-11-05T00:00:00.000","PLATINUM - NEW YORK MERCANTILE EXCHANGE","076651","91799","38099","11593"
"2019-11-12T00:00:00.000","PLATINUM - NEW YORK MERCANTILE EXCHANGE","076651","90681","34434","13647"
"2019-11-12T00:00:00.000","PALLADIUM - NEW YORK MERCANTILE EXCHANGE","075651","25445","15480","2552"
"2019-11-19T00:00:00.000","PLATINUM - NEW YORK MERCANTILE EXCHANGE","076651","88395","34551","10038"
"2019-11-19T00:00:00.000","PALLADIUM - NEW YORK MERCANTILE EXCHANGE","075651","25063","15187","2597"
"2019-11-26T00:00:00.000","PLATINUM - NEW YORK MERCANTILE EXCHANGE","076651","90498","35458","7584"
"2019-11-26T00:00:00.000","PALLADIUM - NEW YORK MERCANTILE EXCHANGE","075651","25213","15574","2263"
"2019-12-03T00:00:00.000","PLATINUM - NEW YORK MERCANTILE EXCHANGE","076651","90939","35749","8187"
"2019-12-03T00:00:00.000","PALLADIUM - NEW YORK MERCANTILE EXCHANGE","075651","25563","16292","2331"
"2019-12-10T00:00:00.000","PLATINUM - NEW YORK MERCANTILE EXCHANGE","076651","94869","38715","7919"
"2019-12-10T00:00:00.000","PALLADIUM - NEW YORK MERCANTILE EXCHANGE","075651","26086","16627","2886"
"2019-12-17T00:00:00.000","PLATINUM - NEW YORK MERCANTILE EXCHANGE","076651","98962","45037","6578"
"2019-12-17T00:00:00.000","PALLADIUM - NEW YORK MERCANTILE EXCHANGE","075651","26058","16453","2584"
"2019-12-24T00:00:00.000","PLATINUM - NEW YORK MERCANTILE EXCHANGE","076651","98176","47275","6424"
"2019-12-24T00:00:00.000","PALLADIUM - NEW YORK MERCANTILE EXCHANGE","075651","23892","14387","1921"
"2019-12-31T00:00:00.000","PLATINUM - NEW YORK MERCANTILE EXCHANGE","076651","99045","51391","5580"
"2019-12-31T00:00:00.000","PALLADIUM - NEW YORK MERCANTILE EXCHANGE","075651","23638","13911","1431"
"2020-01-07T00:00:00.000","PLATINUM - NEW YORK MERCANTILE EXCHANGE","076651","102495","53740","7157"
"2020-01-07T00:00:00.000","PALLADIUM - NEW YORK MERCANTILE EXCHANGE","075651","24888","14382","2598"
"2020-01-14T00:00:00.000","PLATINUM - NEW YORK MERCANTILE EXCHANGE","076651","104943","56096","7476"
"2020-01-14T00:00:00.000","PALLADIUM - NEW YORK MERCANTILE EXCHANGE","075651","26413","14863","3230"
"2020-01-21T00:00:00.000","PLATINUM - NEW YORK MERCANTILE EXCHANGE","076651","105936","57188","6099"
"2020-01-21T00:00:00.000","PALLADIUM - NEW YORK MERCANTILE EXCHANGE","075651","26596","13862","3692"
"2020-01-28T00:00:00.000","PLATINUM - NEW YORK MERCANTILE EXCHANGE","076651","105456","57533","5821"
"2020-01-28T00:00:00.000","PALLADIUM - NEW YORK MERCANTILE EXCHANGE","075651","23853","11322","3620"
"2020-02-04T00:00:00.000","PLATINUM - NEW YORK MERCANTILE EXCHANGE","076651","101276","54168","6934"
"2020-02-04T00:00:00.000","PALLADIUM - NEW YORK MERCANTILE EXCHANGE","075651","23178","10608","3948"
"2020-02-11T00:00:00.000","PLATINUM - NEW YORK MERCANTILE EXCHANGE","076651","100624","52578","6557"
"2020-02-11T00:00:00.000","PALLADIUM - NEW YORK MERCANTILE EXCHANGE","075651","21647","9728","3841"
"2020-02-18T00:00:00.000","PLATINUM - NEW YORK MERCANTILE EXCHANGE","076651","102384","52042","7517"
"2020-02-18T00:00:00.000","PALLADIUM - NEW YORK MERCANTILE EXCHANGE","075651","21492","9560","4003"
"2020-02-25T00:00:00.000","PLATINUM - NEW YORK MERCANTILE EXCHANGE","076651","97626","43505","9529"
"2020-02-25T00:00:00.000","PALLADIUM - NEW YORK MERCANTILE EXCHANGE","075651","16016","7772","3406"
"2020-03-03T00:00:00.000","PLATINUM - NEW YORK MERCANTILE EXCHANGE","076651","82051","30949","12712"
"2020-03-03T00:00:00.000","PALLADIUM - NEW YORK MERCANTILE EXCHANGE","075651","13055","6442","2425"
"2020-03-10T00:00:00.000","PLATINUM - NEW YORK MERCANTILE EXCHANGE","076651","76017","26414","10751"
"2020-03-10T00:00:00.000","PALLADIUM - NEW YORK MERCANTILE EXCHANGE","075651","12210","5880","2305"
"2020-03-17T00:00:00.000","PLATINUM - NEW YORK MERCANTILE EXCHANGE","076651","66275","23660","8350"
"2020-03-17T00:00:00.000","PALLADIUM - NEW YORK MERCANTILE EXCHANGE","075651","9556","3302","1896"
"2020-03-24T00:00:00.000","PALLADIUM - NEW YORK MERCANTILE EXCHANGE","075651","8237","2236","1483"
"2020-03-24T00:00:00.000","PLATINUM - NEW YORK MERCANTILE EXCHANGE","076651","63571","20194","9195"
"2020-03-31T00:00:00.000","PLATINUM - NEW YORK MERCANTILE EXCHANGE","076651","54148","18322","9446"
"2020-03-31T00:00:00.000","PALLADIUM - NEW YORK MERCANTILE EXCHANGE","075651","7655","1946","744"
"2020-04-07T00:00:00.000","PLATINUM - NEW YORK MERCANTILE EXCHANGE","076651","54044","17606","9802"
"2020-04-07T00:00:00.000","PALLADIUM - NEW YORK MERCANTILE EXCHANGE","075651","7769","1765","721"
"2020-04-14T00:00:00.000","PLATINUM - NEW YORK MERCANTILE EXCHANGE","076651","53142","15985","8943"
"2020-04-14T00:00:00.000","PALLADIUM - NEW YORK MERCANTILE EXCHANGE","075651","7757","1865","658"
"2020-04-21T00:00:00.000","PLATINUM - NEW YORK MERCANTILE EXCHANGE","076651","49300","14303","9173"
"2020-04-21T00:00:00.000","PALLADIUM - NEW YORK MERCANTILE EXCHANGE","075651","7646","1960","763"
"2020-04-28T00:00:00.000","PLATINUM - NEW YORK MERCANTILE EXCHANGE","076651","50982","16101","9095"
"2020-04-28T00:00:00.000","PALLADIUM - NEW YORK MERCANTILE EXCHANGE","075651","7863","1965","1004"
"2020-05-05T00:00:00.000","PLATINUM - NEW YORK MERCANTILE EXCHANGE","076651","50327","16666","8421"
"2020-05-05T00:00:00.000","PALLADIUM - NEW YORK MERCANTILE EXCHANGE","075651","7623","2025","1078"
"2020-05-12T00:00:00.000","PLATINUM - NEW YORK MERCANTILE EXCHANGE","076651","49942","16285","7845"
"2020-05-12T00:00:00.000","PALLADIUM - NEW YORK MERCANTILE EXCHANGE","075651","7218","1922","1305"
"2020-05-19T00:00:00.000","PLATINUM - NEW YORK MERCANTILE EXCHANGE","076651","51652","19242","6508"
"2020-05-19T00:00:00.000","PALLADIUM - NEW YORK MERCANTILE EXCHANGE","075651","6989","2221","1333"
"2020-05-26T00:00:00.000","PLATINUM - NEW YORK MERCANTILE EXCHANGE","076651","51559","19732","5029"
"2020-05-26T00:00:00.000","PALLADIUM - NEW YORK MERCANTILE EXCHANGE","075651","7035","2452","1430"
"2020-06-02T00:00:00.000","PLATINUM - NEW YORK MERCANTILE EXCHANGE","076651","52788","18371","5389"
"2020-06-02T00:00:00.000","PALLADIUM - NEW YORK MERCANTILE EXCHANGE","075651","6793","2290","1692"
"2020-06-09T00:00:00.000","PLATINUM - NEW YORK MERCANTILE EXCHANGE","076651","50811","17245","5672"
"2020-06-09T00:00:00.000","PALLADIUM - NEW YORK MERCANTILE EXCHANGE","075651","6763","2292","1461"
"2020-06-16T00:00:00.000","PLATINUM - NEW YORK MERCANTILE EXCHANGE","076651","49916","16081","5634"
"2020-06-16T00:00:00.000","PALLADIUM - NEW YORK MERCANTILE EXCHANGE","075651","6474","2259","1414"
"2020-06-23T00:00:00.000","PLATINUM - NEW YORK MERCANTILE EXCHANGE","076651","47275","15458","6390"
"2020-06-23T00:00:00.000","PALLADIUM - NEW YORK MERCANTILE EXCHANGE","075651","6659","2243","1537"
"2020-06-30T00:00:00.000","PLATINUM - NEW YORK MERCANTILE EXCHANGE","076651","47837","16289","8538"
"2020-06-30T00:00:00.000","PALLADIUM - NEW YORK MERCANTILE EXCHANGE","075651","7080","2577","1402"
"2020-07-07T00:00:00.000","PLATINUM - NEW YORK MERCANTILE EXCHANGE","076651","49143","16900","7956"
"2020-07-07T00:00:00.000","PALLADIUM - NEW YORK MERCANTILE EXCHANGE","075651","7225","2751","1242"
"2020-07-14T00:00:00.000","PLATINUM - NEW YORK MERCANTILE EXCHANGE","076651","48016","16275","8118"
"2020-07-14T00:00:00.000","PALLADIUM - NEW YORK MERCANTILE EXCHANGE","075651","8100","3171","1417"
"2020-07-21T00:00:00.000","PALLADIUM - NEW YORK MERCANTILE EXCHANGE","075651","9338","4200","1244"
"2020-07-21T00:00:00.000","PLATINUM - NEW YORK MERCANTILE EXCHANGE","076651","52071","19558","7539"
"2020-07-28T00:00:00.000","PLATINUM - NEW YORK MERCANTILE EXCHANGE","076651","54525","22624","5877"
"2020-07-28T00:00:00.000","PALLADIUM - NEW YORK MERCANTILE EXCHANGE","075651","10325","4842","1249"
"2020-08-04T00:00:00.000","PLATINUM - NEW YORK MERCANTILE EXCHANGE","076651","55647","21752","8740"
"2020-08-04T00:00:00.000","PALLADIUM - NEW YORK MERCANTILE EXCHANGE","075651","10240","4787","1491"
"2020-08-11T00:00:00.000","PALLADIUM - NEW YORK MERCANTILE EXCHANGE","075651","10133","4769","1432"
"2020-08-11T00:00:00.000","PLATINUM - NEW YORK MERCANTILE EXCHANGE","076651","56900","22646","7525"
"2020-08-18T00:00:00.000","PLATINUM - NEW YORK MERCANTILE EXCHANGE","076651","58525","23365","8937"
"2020-08-18T00:00:00.000","PALLADIUM - NEW YORK MERCANTILE EXCHANGE","075651","10154","4559","1308"
"2020-08-25T00:00:00.000","PLATINUM - NEW YORK MERCANTILE EXCHANGE","076651","57831","21997","10184"
"2020-08-25T00:00:00.000","PALLADIUM - NEW YORK MERCANTILE EXCHANGE","075651","9447","4330","1167"
"2020-09-01T00:00:00.000","PLATINUM - NEW YORK MERCANTILE EXCHANGE","076651","60538","21247","11561"
"2020-09-01T00:00:00.000","PALLADIUM - NEW YORK MERCANTILE EXCHANGE","075651","9698","4812","1384"
"2020-09-08T00:00:00.000","PLATINUM - NEW YORK MERCANTILE EXCHANGE","076651","59711","19310","13446"
"2020-09-08T00:00:00.000","PALLADIUM - NEW YORK MERCANTILE EXCHANGE","075651","9528","4684","1189"
"2020-09-15T00:00:00.000","PLATINUM - NEW YORK MERCANTILE EXCHANGE","076651","61778","22865","12153"
"2020-09-15T00:00:00.000","PALLADIUM - NEW YORK MERCANTILE EXCHANGE","075651","9914","5222","1330"
"2020-09-22T00:00:00.000","PLATINUM - NEW YORK MERCANTILE EXCHANGE","076651","60004","16801","15248"
"2020-09-22T00:00:00.000","PALLADIUM - NEW YORK MERCANTILE EXCHANGE","075651","9517","5140","1175"
"2020-09-29T00:00:00.000","PLATINUM - NEW YORK MERCANTILE EXCHANGE","076651","55680","14275","14540"
"2020-09-29T00:00:00.000","PALLADIUM - NEW YORK MERCANTILE EXCHANGE","075651","9017","4560","1025"
"2020-10-06T00:00:00.000","PLATINUM - NEW YORK MERCANTILE EXCHANGE","076651","51995","14584","15343"
"2020-10-06T00:00:00.000","PALLADIUM - NEW YORK MERCANTILE EXCHANGE","075651","9481","4908","1387"
"2020-10-13T00:00:00.000","PLATINUM - NEW YORK MERCANTILE EXCHANGE","076651","51258","14022","15137"
"2020-10-13T00:00:00.000","PALLADIUM - NEW YORK MERCANTILE EXCHANGE","075651","9884","5263","1319"
"2020-10-20T00:00:00.000","PLATINUM - NEW YORK MERCANTILE EXCHANGE","076651","52199","13975","16527"
"2020-10-20T00:00:00.000","PALLADIUM - NEW YORK MERCANTILE EXCHANGE","075651","10193","5503","1376"
"2020-10-27T00:00:00.000","PLATINUM - NEW YORK MERCANTILE EXCHANGE","076651","52138","15604","15270"
"2020-10-27T00:00:00.000","PALLADIUM - NEW YORK MERCANTILE EXCHANGE","075651","10654","5635","1549"
"2020-11-03T00:00:00.000","PLATINUM - NEW YORK MERCANTILE EXCHANGE","076651","51034","14045","14718"
"2020-11-03T00:00:00.000","PALLADIUM - NEW YORK MERCANTILE EXCHANGE","075651","10169","5076","1926"
"2020-11-10T00:00:00.000","PLATINUM - NEW YORK MERCANTILE EXCHANGE","076651","51624","14152","13710"
"2020-11-10T00:00:00.000","PALLADIUM - NEW YORK MERCANTILE EXCHANGE","075651","11173","5763","1498"
"2020-11-17T00:00:00.000","PLATINUM - NEW YORK MERCANTILE EXCHANGE","076651","54077","17295","11444"
"2020-11-17T00:00:00.000","PALLADIUM - NEW YORK MERCANTILE EXCHANGE","075651","10971","5558","1703"
"2020-11-24T00:00:00.000","PLATINUM - NEW YORK MERCANTILE EXCHANGE","076651","54647","19324","9255"
"2020-11-24T00:00:00.000","PALLADIUM - NEW YORK MERCANTILE EXCHANGE","075651","10419","5392","1540"
"2020-12-01T00:00:00.000","PLATINUM - NEW YORK MERCANTILE EXCHANGE","076651","57970","21861","8207"
"2020-12-01T00:00:00.000","PALLADIUM - NEW YORK MERCANTILE EXCHANGE","075651","9867","5242","1448"
"2020-12-08T00:00:00.000","PLATINUM - NEW YORK MERCANTILE EXCHANGE","076651","63572","23602","7652"
"2020-12-08T00:00:00.000","PALLADIUM - NEW YORK MERCANTILE EXCHANGE","075651","9539","5148","1950"
"2020-12-15T00:00:00.000","PLATINUM - NEW YORK MERCANTILE EXCHANGE","076651","65881","24828","7666"
"2020-12-15T00:00:00.000","PALLADIUM - NEW YORK MERCANTILE EXCHANGE","075651","9251","4934","1766"
"2020-12-21T00:00:00.000","PALLADIUM - NEW YORK MERCANTILE EXCHANGE","075651","9093","4666","1537"
"2020-12-21T00:00:00.000","PLATINUM - NEW YORK MERCANTILE EXCHANGE","076651","65012","23931","6755"
"2020-12-29T00:00:00.000","PLATINUM - NEW YORK MERCANTILE EXCHANGE","076651","59399","23771","5567"
"2020-12-29T00:00:00.000","PALLADIUM - NEW YORK MERCANTILE EXCHANGE","075651","9042","4537","1255"
"2021-01-05T00:00:00.000","PLATINUM - NEW YORK MERCANTILE EXCHANGE","076651","61185","26571","5934"
"2021-01-05T00:00:00.000","PALLADIUM - NEW YORK MERCANTILE EXCHANGE","075651","9676","5200","1121"
"2021-01-12T00:00:00.000","PLATINUM - NEW YORK MERCANTILE EXCHANGE","076651","59893","25733","5509"
"2021-01-12T00:00:00.000","PALLADIUM - NEW YORK MERCANTILE EXCHANGE","075651","9479","4738","1357"
"2021-01-19T00:00:00.000","PLATINUM - NEW YORK MERCANTILE EXCHANGE","076651","59812","24572","4009"
"2021-01-19T00:00:00.000","PALLADIUM - NEW YORK MERCANTILE EXCHANGE","075651","9456","4549","1324"
"2021-01-26T00:00:00.000","PLATINUM - NEW YORK MERCANTILE EXCHANGE","076651","62530","26038","4944"
"2021-01-26T00:00:00.000","PALLADIUM - NEW YORK MERCANTILE EXCHANGE","075651","9813","4445","1762"
"2021-02-02T00:00:00.000","PLATINUM - NEW YORK MERCANTILE EXCHANGE","076651","64701","28029","5890"
"2021-02-02T00:00:00.000","PALLADIUM - NEW YORK MERCANTILE EXCHANGE","075651","9533","3572","2437"
"2021-02-09T00:00:00.000","PLATINUM - NEW YORK MERCANTILE EXCHANGE","076651","72051","35377","6341"
"2021-02-09T00:00:00.000","PALLADIUM - NEW YORK MERCANTILE EXCHANGE","075651","9684","3524","2348"
"2021-02-16T00:00:00.000","PLATINUM - NEW YORK MERCANTILE EXCHANGE","076651","74780","35108","6468"
"2021-02-16T00:00:00.000","PALLADIUM - NEW YORK MERCANTILE EXCHANGE","075651","10354","3839","2191"
"2021-02-23T00:00:00.000","PLATINUM - NEW YORK MERCANTILE EXCHANGE","076651","73964","32133","5994"
"2021-02-23T00:00:00.000","PALLADIUM - NEW YORK MERCANTILE EXCHANGE","075651","9479","3794","2590"
"2021-03-02T00:00:00.000","PLATINUM - NEW YORK MERCANTILE EXCHANGE","076651","72681","27880","7056"
"2021-03-02T00:00:00.000","PALLADIUM - NEW YORK MERCANTILE EXCHANGE","075651","9611","3881","2188"
"2021-03-09T00:00:00.000","PLATINUM - NEW YORK MERCANTILE EXCHANGE","076651","71411","26267","7956"
"2021-03-09T00:00:00.000","PALLADIUM - NEW YORK MERCANTILE EXCHANGE","075651","9334","3677","2286"
"2021-03-16T00:00:00.000","PLATINUM - NEW YORK MERCANTILE EXCHANGE","076651","74810","26973","6483"
"2021-03-16T00:00:00.000","PALLADIUM - NEW YORK MERCANTILE EXCHANGE","075651","9709","4342","2101"
"2021-03-23T00:00:00.000","PLATINUM - NEW YORK MERCANTILE EXCHANGE","076651","73324","26054","5424"
"2021-03-23T00:00:00.000","PALLADIUM - NEW YORK MERCANTILE EXCHANGE","075651","10147","4522","1385"
"2021-03-30T00:00:00.000","PLATINUM - NEW YORK MERCANTILE EXCHANGE","076651","67480","26067","5498"
"2021-03-30T00:00:00.000","PALLADIUM - NEW YORK MERCANTILE EXCHANGE","075651","10357","4589","1332"
"2021-04-06T00:00:00.000","PALLADIUM - NEW YORK MERCANTILE EXCHANGE","075651","10529","4754","1321"
"2021-04-06T00:00:00.000","PLATINUM - NEW YORK MERCANTILE EXCHANGE","076651","68108","30189","6134"
"2021-04-13T00:00:00.000","PALLADIUM - NEW YORK MERCANTILE EXCHANGE","075651","10926","4832","1127"
"2021-04-13T00:00:00.000","PLATINUM - NEW YORK MERCANTILE EXCHANGE","076651","65661","22505","7800"
"2021-04-20T00:00:00.000","PLATINUM - NEW YORK MERCANTILE EXCHANGE","076651","63613","22604","6908"
"2021-04-20T00:00:00.000","PALLADIUM - NEW YORK MERCANTILE EXCHANGE","075651","11647","5271","1549"
"2021-04-27T00:00:00.000","PLATINUM - NEW YORK MERCANTILE EXCHANGE","076651","65211","25962","6168"
"2021-04-27T00:00:00.000","PALLADIUM - NEW YORK MERCANTILE EXCHANGE","075651","11707","5470","1191"
"2021-05-04T00:00:00.000","PALLADIUM - NEW YORK MERCANTILE EXCHANGE","075651","11923","5505","1071"
"2021-05-04T00:00:00.000","PLATINUM - NEW YORK MERCANTILE EXCHANGE","076651","64855","25998","6527"
"2021-05-11T00:00:00.000","PLATINUM - NEW YORK MERCANTILE EXCHANGE","076651","66115","25932","7133"
"2021-05-11T00:00:00.000","PALLADIUM - NEW YORK MERCANTILE EXCHANGE","075651","12048","5648","1554"
"2021-05-18T00:00:00.000","PLATINUM - NEW YORK MERCANTILE EXCHANGE","076651","66761","24351","7915"
"2021-05-18T00:00:00.000","PALLADIUM - NEW YORK MERCANTILE EXCHANGE","075651","11734","5658","1652"
"2021-05-25T00:00:00.000","PLATINUM - NEW YORK MERCANTILE EXCHANGE","076651","67247","23126","9859"
"2021-05-25T00:00:00.000","PALLADIUM - NEW YORK MERCANTILE EXCHANGE","075651","10623","5124","1715"
"2021-06-01T00:00:00.000","PLATINUM - NEW YORK MERCANTILE EXCHANGE","076651","67551","23529","9764"
"2021-06-01T00:00:00.000","PALLADIUM - NEW YORK MERCANTILE EXCHANGE","075651","10608","5547","1728"
"2021-06-08T00:00:00.000","PLATINUM - NEW YORK MERCANTILE EXCHANGE","076651","66649","21279","11739"
"2021-06-08T00:00:00.000","PALLADIUM - NEW YORK MERCANTILE EXCHANGE","075651","10767","5624","1736"
"2021-06-15T00:00:00.000","PLATINUM - NEW YORK MERCANTILE EXCHANGE","076651","64994","20430","11336"
"2021-06-15T00:00:00.000","PALLADIUM - NEW YORK MERCANTILE EXCHANGE","075651","10757","5615","1769"
"2021-06-22T00:00:00.000","PLATINUM - NEW YORK MERCANTILE EXCHANGE","076651","63276","15161","13749"
"2021-06-22T00:00:00.000","PALLADIUM - NEW YORK MERCANTILE EXCHANGE","075651","9213","3878","1641"
"2021-06-29T00:00:00.000","PLATINUM - NEW YORK MERCANTILE EXCHANGE","076651","58265","15330","10673"
"2021-06-29T00:00:00.000","PALLADIUM - NEW YORK MERCANTILE EXCHANGE","075651","9193","4102","1368"
"2021-07-06T00:00:00.000","PLATINUM - NEW YORK MERCANTILE EXCHANGE","076651","55441","13955","10905"
"2021-07-06T00:00:00.000","PALLADIUM - NEW YORK MERCANTILE EXCHANGE","075651","10114","4842","1275"
"2021-07-13T00:00:00.000","PLATINUM - NEW YORK MERCANTILE EXCHANGE","076651","56142","13587","9968"
"2021-07-13T00:00:00.000","PALLADIUM - NEW YORK MERCANTILE EXCHANGE","075651","10469","5083","1492"
"2021-07-20T00:00:00.000","PLATINUM - NEW YORK MERCANTILE EXCHANGE","076651","57661","12908","11694"
"2021-07-20T00:00:00.000","PALLADIUM - NEW YORK MERCANTILE EXCHANGE","075651","9934","4386","1805"
"2021-07-27T00:00:00.000","PLATINUM - NEW YORK MERCANTILE EXCHANGE","076651","59378","13987","14040"
"2021-07-27T00:00:00.000","PALLADIUM - NEW YORK MERCANTILE EXCHANGE","075651","10098","4364","1801"
"2021-08-03T00:00:00.000","PLATINUM - NEW YORK MERCANTILE EXCHANGE","076651","61085","13386","17516"
"2021-08-03T00:00:00.000","PALLADIUM - NEW YORK MERCANTILE EXCHANGE","075651","10485","4564","2023"
"2021-08-10T00:00:00.000","PLATINUM - NEW YORK MERCANTILE EXCHANGE","076651","64271","13287","22166"
"2021-08-10T00:00:00.000","PALLADIUM - NEW YORK MERCANTILE EXCHANGE","075651","10452","4661","1680"
"2021-08-17T00:00:00.000","PLATINUM - NEW YORK MERCANTILE EXCHANGE","076651","62569","14747","19987"
"2021-08-17T00:00:00.000","PALLADIUM - NEW YORK MERCANTILE EXCHANGE","075651","10681","4123","1290"
"2021-08-24T00:00:00.000","PALLADIUM - NEW YORK MERCANTILE EXCHANGE","075651","9173","2442","1418"
"2021-08-24T00:00:00.000","PLATINUM - NEW YORK MERCANTILE EXCHANGE","076651","63828","16234","19883"
"2021-08-31T00:00:00.000","PLATINUM - NEW YORK MERCANTILE EXCHANGE","076651","67072","16283","21848"
"2021-08-31T00:00:00.000","PALLADIUM - NEW YORK MERCANTILE EXCHANGE","075651","8595","2586","1390"
"2021-09-07T00:00:00.000","PLATINUM - NEW YORK MERCANTILE EXCHANGE","076651","69024","15021","22098"
"2021-09-07T00:00:00.000","PALLADIUM - NEW YORK MERCANTILE EXCHANGE","075651","8522","2567","1507"
"2021-09-14T00:00:00.000","PALLADIUM - NEW YORK MERCANTILE EXCHANGE","075651","8607","2082","2712"
"2021-09-14T00:00:00.000","PLATINUM - NEW YORK MERCANTILE EXCHANGE","076651","75870","14107","30211"
"2021-09-21T00:00:00.000","PLATINUM - NEW YORK MERCANTILE EXCHANGE","076651","73415","14926","28805"
"2021-09-21T00:00:00.000","PALLADIUM - NEW YORK MERCANTILE EXCHANGE","075651","9051","1908","3549"
"2021-09-28T00:00:00.000","PLATINUM - NEW YORK MERCANTILE EXCHANGE","076651","62551","15591","23327"
"2021-09-28T00:00:00.000","PALLADIUM - NEW YORK MERCANTILE EXCHANGE","075651","9439","1801","4095"
"2021-10-05T00:00:00.000","PLATINUM - NEW YORK MERCANTILE EXCHANGE","076651","62109","15737","23817"
"2021-10-05T00:00:00.000","PALLADIUM - NEW YORK MERCANTILE EXCHANGE","075651","9705","2044","4527"
"2021-10-12T00:00:00.000","PLATINUM - NEW YORK MERCANTILE EXCHANGE","076651","59344","18313","18513"
"2021-10-12T00:00:00.000","PALLADIUM - NEW YORK MERCANTILE EXCHANGE","075651","9296","1908","3972"
"2021-10-19T00:00:00.000","PLATINUM - NEW YORK MERCANTILE EXCHANGE","076651","58570","18347","13233"
"2021-10-19T00:00:00.000","PALLADIUM - NEW YORK MERCANTILE EXCHANGE","075651","9061","1847","4009"
"2021-10-26T00:00:00.000","PLATINUM - NEW YORK MERCANTILE EXCHANGE","076651","58161","17465","11339"
"2021-10-26T00:00:00.000","PALLADIUM - NEW YORK MERCANTILE EXCHANGE","075651","10205","1677","4204"
"2021-11-02T00:00:00.000","PLATINUM - NEW YORK MERCANTILE EXCHANGE","076651","56508","17601","10242"
"2021-11-02T00:00:00.000","PALLADIUM - NEW YORK MERCANTILE EXCHANGE","075651","10926","1587","4460"
"2021-11-09T00:00:00.000","PLATINUM - NEW YORK MERCANTILE EXCHANGE","076651","57866","19479","9332"
"2021-11-09T00:00:00.000","PALLADIUM - NEW YORK MERCANTILE EXCHANGE","075651","11819","1850","4196"
"2021-11-16T00:00:00.000","PLATINUM - NEW YORK MERCANTILE EXCHANGE","076651","62284","23014","8662"
"2021-11-16T00:00:00.000","PALLADIUM - NEW YORK MERCANTILE EXCHANGE","075651","11840","2126","3590"
"2021-11-23T00:00:00.000","PLATINUM - NEW YORK MERCANTILE EXCHANGE","076651","61553","18701","13090"
"2021-11-23T00:00:00.000","PALLADIUM - NEW YORK MERCANTILE EXCHANGE","075651","10078","2031","3144"
"2021-11-30T00:00:00.000","PLATINUM - NEW YORK MERCANTILE EXCHANGE","076651","62385","15494","15421"
"2021-11-30T00:00:00.000","PALLADIUM - NEW YORK MERCANTILE EXCHANGE","075651","9621","1786","4433"
"2021-12-07T00:00:00.000","PLATINUM - NEW YORK MERCANTILE EXCHANGE","076651","65134","13473","17555"
"2021-12-07T00:00:00.000","PALLADIUM - NEW YORK MERCANTILE EXCHANGE","075651","9253","1859","4211"
"2021-12-14T00:00:00.000","PLATINUM - NEW YORK MERCANTILE EXCHANGE","076651","66300","13249","21178"
"2021-12-14T00:00:00.000","PALLADIUM - NEW YORK MERCANTILE EXCHANGE","075651","10098","1848","4942"
"2021-12-21T00:00:00.000","PLATINUM - NEW YORK MERCANTILE EXCHANGE","076651","64732","13577","23813"
"2021-12-21T00:00:00.000","PALLADIUM - NEW YORK MERCANTILE EXCHANGE","075651","9518","1767","4729"
"2021-12-28T00:00:00.000","PLATINUM - NEW YORK MERCANTILE EXCHANGE","076651","60353","15491","19970"
"2021-12-28T00:00:00.000","PALLADIUM - NEW YORK MERCANTILE EXCHANGE","075651","9403","1975","4377"
"2022-01-04T00:00:00.000","PLATINUM - NEW YORK MERCANTILE EXCHANGE","076651","58275","15950","18479"
"2022-01-04T00:00:00.000","PALLADIUM - NEW YORK MERCANTILE EXCHANGE","075651","9480","1995","4437"
"2022-01-11T00:00:00.000","PLATINUM - NEW YORK MERCANTILE EXCHANGE","076651","59061","15023","19873"
"2022-01-11T00:00:00.000","PALLADIUM - NEW YORK MERCANTILE EXCHANGE","075651","9110","1873","4286"
"2022-01-18T00:00:00.000","PLATINUM - NEW YORK MERCANTILE EXCHANGE","076651","57321","15357","18032"
"2022-01-18T00:00:00.000","PALLADIUM - NEW YORK MERCANTILE EXCHANGE","075651","9372","1834","4576"
"2022-01-25T00:00:00.000","PLATINUM - NEW YORK MERCANTILE EXCHANGE","076651","53390","16856","10952"
"2022-01-25T00:00:00.000","PALLADIUM - NEW YORK MERCANTILE EXCHANGE","075651","9034","2070","3516"
"2022-02-01T00:00:00.000","PALLADIUM - NEW YORK MERCANTILE EXCHANGE","075651","7853","1688","1789"
"2022-02-01T00:00:00.000","PLATINUM - NEW YORK MERCANTILE EXCHANGE","076651","53898","18128","10474"
"2022-02-08T00:00:00.000","PLATINUM - NEW YORK MERCANTILE EXCHANGE","076651","58766","17983","13029"
"2022-02-08T00:00:00.000","PALLADIUM - NEW YORK MERCANTILE EXCHANGE","075651","7497","1466","1692"
"2022-02-15T00:00:00.000","PLATINUM - NEW YORK MERCANTILE EXCHANGE","076651","59897","17723","13695"
"2022-02-15T00:00:00.000","PALLADIUM - NEW YORK MERCANTILE EXCHANGE","075651","8358","1720","1621"
"2022-02-22T00:00:00.000","PLATINUM - NEW YORK MERCANTILE EXCHANGE","076651","62274","22956","10586"
"2022-02-22T00:00:00.000","PALLADIUM - NEW YORK MERCANTILE EXCHANGE","075651","7903","1701","1714"
"2022-03-01T00:00:00.000","PLATINUM - NEW YORK MERCANTILE EXCHANGE","076651","65383","24437","11872"
"2022-03-01T00:00:00.000","PALLADIUM - NEW YORK MERCANTILE EXCHANGE","075651","7242","1836","1583"
"2022-03-08T00:00:00.000","PLATINUM - NEW YORK MERCANTILE EXCHANGE","076651","72496","31012","9704"
"2022-03-08T00:00:00.000","PALLADIUM - NEW YORK MERCANTILE EXCHANGE","075651","7631","2129","1234"
"2022-03-15T00:00:00.000","PLATINUM - NEW YORK MERCANTILE EXCHANGE","076651","67727","23456","9841"
"2022-03-15T00:00:00.000","PALLADIUM - NEW YORK MERCANTILE EXCHANGE","075651","6992","1811","1317"
"2022-03-22T00:00:00.000","PLATINUM - NEW YORK MERCANTILE EXCHANGE","076651","64000","22172","7060"
"2022-03-22T00:00:00.000","PALLADIUM - NEW YORK MERCANTILE EXCHANGE","075651","6948","1664","1375"
"2022-03-29T00:00:00.000","PLATINUM - NEW YORK MERCANTILE EXCHANGE","076651","61807","18921","10245"
"2022-03-29T00:00:00.000","PALLADIUM - NEW YORK MERCANTILE EXCHANGE","075651","6720","1307","1694"
"2022-04-05T00:00:00.000","PLATINUM - NEW YORK MERCANTILE EXCHANGE","076651","60983","18045","12685"
"2022-04-05T00:00:00.000","PALLADIUM - NEW YORK MERCANTILE EXCHANGE","075651","6642","1402","1726"
"2022-04-12T00:00:00.000","PLATINUM - NEW YORK MERCANTILE EXCHANGE","076651","63363","16731","17148"
"2022-04-12T00:00:00.000","PALLADIUM - NEW YORK MERCANTILE EXCHANGE","075651","6340","1328","1710"
"2022-04-19T00:00:00.000","PLATINUM - NEW YORK MERCANTILE EXCHANGE","076651","61603","16032","15848"
"2022-04-19T00:00:00.000","PALLADIUM - NEW YORK MERCANTILE EXCHANGE","075651","6435","1128","1690"
"2022-04-26T00:00:00.000","PLATINUM - NEW YORK MERCANTILE EXCHANGE","076651","67591","13828","26248"
"2022-04-26T00:00:00.000","PALLADIUM - NEW YORK MERCANTILE EXCHANGE","075651","6858","979","1562"
"2022-05-03T00:00:00.000","PLATINUM - NEW YORK MERCANTILE EXCHANGE","076651","66545","16633","27300"
"2022-05-03T00:00:00.000","PALLADIUM - NEW YORK MERCANTILE EXCHANGE","075651","7638","909","1610"
"2022-05-10T00:00:00.000","PLATINUM - NEW YORK MERCANTILE EXCHANGE","076651","66064","16350","23897"
"2022-05-10T00:00:00.000","PALLADIUM - NEW YORK MERCANTILE EXCHANGE","075651","8832","901","2167"
"2022-05-17T00:00:00.000","PALLADIUM - NEW YORK MERCANTILE EXCHANGE","075651","9114","811","2306"
"2022-05-17T00:00:00.000","PLATINUM - NEW YORK MERCANTILE EXCHANGE","076651","65926","15783","22297"
"2022-05-24T00:00:00.000","PLATINUM - NEW YORK MERCANTILE EXCHANGE","076651","65824","13536","20858"
"2022-05-24T00:00:00.000","PALLADIUM - NEW YORK MERCANTILE EXCHANGE","075651","7919","674","2403"
"2022-05-31T00:00:00.000","PLATINUM - NEW YORK MERCANTILE EXCHANGE","076651","67964","14744","20705"
"2022-05-31T00:00:00.000","PALLADIUM - NEW YORK MERCANTILE EXCHANGE","075651","6538","729","2312"
"2022-06-07T00:00:00.000","PALLADIUM - NEW YORK MERCANTILE EXCHANGE","075651","7035","797","2652"
"2022-06-07T00:00:00.000","PLATINUM - NEW YORK MERCANTILE EXCHANGE","076651","65295","17699","14969"
"2022-06-14T00:00:00.000","PLATINUM - NEW YORK MERCANTILE EXCHANGE","076651","66613","13804","18547"
"2022-06-14T00:00:00.000","PALLADIUM - NEW YORK MERCANTILE EXCHANGE","075651","7740","935","3544"
"2022-06-21T00:00:00.000","PLATINUM - NEW YORK MERCANTILE EXCHANGE","076651","64946","15548","19597"
"2022-06-21T00:00:00.000","PALLADIUM - NEW YORK MERCANTILE EXCHANGE","075651","7641","977","3737"
"2022-06-28T00:00:00.000","PLATINUM - NEW YORK MERCANTILE EXCHANGE","076651","68232","15234","25072"
"2022-06-28T00:00:00.000","PALLADIUM - NEW YORK MERCANTILE EXCHANGE","075651","7765","1146","3815"
"2022-07-05T00:00:00.000","PLATINUM - NEW YORK MERCANTILE EXCHANGE","076651","72895","17123","31550"
"2022-07-05T00:00:00.000","PALLADIUM - NEW YORK MERCANTILE EXCHANGE","075651","7373","1132","3510"
"2022-07-12T00:00:00.000","PLATINUM - NEW YORK MERCANTILE EXCHANGE","076651","75615","16689","34635"
"2022-07-12T00:00:00.000","PALLADIUM - NEW YORK MERCANTILE EXCHANGE","075651","6474","1001","2593"
"2022-07-19T00:00:00.000","PLATINUM - NEW YORK MERCANTILE EXCHANGE","076651","75069","17680","34014"
"2022-07-19T00:00:00.000","PALLADIUM - NEW YORK MERCANTILE EXCHANGE","075651","6915","676","3361"
"2022-07-26T00:00:00.000","PLATINUM - NEW YORK MERCANTILE EXCHANGE","076651","73423","16793","32676"
"2022-07-26T00:00:00.000","PALLADIUM - NEW YORK MERCANTILE EXCHANGE","075651","7124","718","3022"
"2022-08-02T00:00:00.000","PALLADIUM - NEW YORK MERCANTILE EXCHANGE","075651","6945","955","2407"
"2022-08-02T00:00:00.000","PLATINUM - NEW YORK MERCANTILE EXCHANGE","076651","68266","15971","28138"
"2022-08-09T00:00:00.000","PALLADIUM - NEW YORK MERCANTILE EXCHANGE","075651","7619","1331","1956"
"2022-08-09T00:00:00.000","PLATINUM - NEW YORK MERCANTILE EXCHANGE","076651","62782","17100","23523"
"2022-08-16T00:00:00.000","PLATINUM - NEW YORK MERCANTILE EXCHANGE","076651","57254","16268","20011"
"2022-08-16T00:00:00.000","PALLADIUM - NEW YORK MERCANTILE EXCHANGE","075651","7951","1476","1730"
"2022-08-23T00:00:00.000","PALLADIUM - NEW YORK MERCANTILE EXCHANGE","075651","7928","1146","1500"
"2022-08-23T00:00:00.000","PLATINUM - NEW YORK MERCANTILE EXCHANGE","076651","62329","15281","23982"
"2022-08-30T00:00:00.000","PLATINUM - NEW YORK MERCANTILE EXCHANGE","076651","70747","15931","31556"
"2022-08-30T00:00:00.000","PALLADIUM - NEW YORK MERCANTILE EXCHANGE","075651","5875","1424","1182"
"2022-09-06T00:00:00.000","PALLADIUM - NEW YORK MERCANTILE EXCHANGE","075651","6065","1260","1664"
"2022-09-06T00:00:00.000","PLATINUM - NEW YORK MERCANTILE EXCHANGE","076651","78610","18004","37079"
"2022-09-13T00:00:00.000","PLATINUM - NEW YORK MERCANTILE EXCHANGE","076651","68574","18704","29097"
"2022-09-13T00:00:00.000","PALLADIUM - NEW YORK MERCANTILE EXCHANGE","075651","6085","1353","1280"
"2022-09-20T00:00:00.000","PLATINUM - NEW YORK MERCANTILE EXCHANGE","076651","62900","18149","20523"
"2022-09-20T00:00:00.000","PALLADIUM - NEW YORK MERCANTILE EXCHANGE","075651","5993","1371","1071"
"2022-09-27T00:00:00.000","PALLADIUM - NEW YORK MERCANTILE EXCHANGE","075651","6080","1519","1193"
"2022-09-27T00:00:00.000","PLATINUM - NEW YORK MERCANTILE EXCHANGE","076651","58994","13454","20328"
"2022-10-04T00:00:00.000","PALLADIUM - NEW YORK MERCANTILE EXCHANGE","075651","7080","2163","1403"
"2022-10-04T00:00:00.000","PLATINUM - NEW YORK MERCANTILE EXCHANGE","076651","55682","16245","18343"
"2022-10-11T00:00:00.000","PLATINUM - NEW YORK MERCANTILE EXCHANGE","076651","52435","15246","14296"
"2022-10-11T00:00:00.000","PALLADIUM - NEW YORK MERCANTILE EXCHANGE","075651","6890","1950","1481"
"2022-10-18T00:00:00.000","PLATINUM - NEW YORK MERCANTILE EXCHANGE","076651","53728","17951","14547"
"2022-10-18T00:00:00.000","PALLADIUM - NEW YORK MERCANTILE EXCHANGE","075651","6805","1698","1907"
"2022-10-25T00:00:00.000","PLATINUM - NEW YORK MERCANTILE EXCHANGE","076651","56117","20714","12673"
"2022-10-25T00:00:00.000","PALLADIUM - NEW YORK MERCANTILE EXCHANGE","075651","7343","1435","2326"
"2022-11-01T00:00:00.000","PLATINUM - NEW YORK MERCANTILE EXCHANGE","076651","56534","21675","8264"
"2022-11-01T00:00:00.000","PALLADIUM - NEW YORK MERCANTILE EXCHANGE","075651","8372","1572","2834"
"2022-11-08T00:00:00.000","PALLADIUM - NEW YORK MERCANTILE EXCHANGE","075651","9467","1507","3299"
"2022-11-08T00:00:00.000","PLATINUM - NEW YORK MERCANTILE EXCHANGE","076651","60301","23764","6958"
"2022-11-15T00:00:00.000","PALLADIUM - NEW YORK MERCANTILE EXCHANGE","075651","8793","1817","1983"
"2022-11-15T00:00:00.000","PLATINUM - NEW YORK MERCANTILE EXCHANGE","076651","63391","26403","6478"
"2022-11-22T00:00:00.000","PALLADIUM - NEW YORK MERCANTILE EXCHANGE","075651","7797","1973","2239"
"2022-11-22T00:00:00.000","PLATINUM - NEW YORK MERCANTILE EXCHANGE","076651","63704","27077","7203"
"2022-11-29T00:00:00.000","PALLADIUM - NEW YORK MERCANTILE EXCHANGE","075651","7537","2115","2815"
"2022-11-29T00:00:00.000","PLATINUM - NEW YORK MERCANTILE EXCHANGE","076651","66468","28380","7594"
"2022-12-06T00:00:00.000","PLATINUM - NEW YORK MERCANTILE EXCHANGE","076651","68821","28483","7998"
"2022-12-06T00:00:00.000","PALLADIUM - NEW YORK MERCANTILE EXCHANGE","075651","7785","2279","2809"
"2022-12-13T00:00:00.000","PALLADIUM - NEW YORK MERCANTILE EXCHANGE","075651","7494","2281","2284"
"2022-12-13T00:00:00.000","PLATINUM - NEW YORK MERCANTILE EXCHANGE","076651","72416","31463","7253"
"2022-12-20T00:00:00.000","PALLADIUM - NEW YORK MERCANTILE EXCHANGE","075651","8558","1810","3668"
"2022-12-20T00:00:00.000","PLATINUM - NEW YORK MERCANTILE EXCHANGE","076651","70021","28153","10589"
"2022-12-27T00:00:00.000","PALLADIUM - NEW YORK MERCANTILE EXCHANGE","075651","8275","1917","3351"
"2022-12-27T00:00:00.000","PLATINUM - NEW YORK MERCANTILE EXCHANGE","076651","66817","27549","9427"
"2023-01-03T00:00:00.000","PALLADIUM - NEW YORK MERCANTILE EXCHANGE","075651","8456","1732","3550"
"2023-01-03T00:00:00.000","PLATINUM - NEW YORK MERCANTILE EXCHANGE","076651","69687","32107","8196"
"2023-01-10T00:00:00.000","PALLADIUM - NEW YORK MERCANTILE EXCHANGE","075651","8352","1840","3557"
"2023-01-10T00:00:00.000","PLATINUM - NEW YORK MERCANTILE EXCHANGE","076651","72216","34288","10054"
"2023-01-17T00:00:00.000","PALLADIUM - NEW YORK MERCANTILE EXCHANGE","075651","8799","1870","3832"
"2023-01-17T00:00:00.000","PLATINUM - NEW YORK MERCANTILE EXCHANGE","076651","71144","30565","13591"
"2023-01-24T00:00:00.000","PALLADIUM - NEW YORK MERCANTILE EXCHANGE","075651","9363","1576","4037"
"2023-01-24T00:00:00.000","PLATINUM - NEW YORK MERCANTILE EXCHANGE","076651","72613","29700","16569"
"2023-01-31T00:00:00.000","PALLADIUM - NEW YORK MERCANTILE EXCHANGE","075651","11245","1384","4999"
"2023-01-31T00:00:00.000","PLATINUM - NEW YORK MERCANTILE EXCHANGE","076651","69121","24359","17041"
"2023-02-07T00:00:00.000","PALLADIUM - NEW YORK MERCANTILE EXCHANGE","075651","11896","1530","5114"
"2023-02-07T00:00:00.000","PLATINUM - NEW YORK MERCANTILE EXCHANGE","076651","65469","19251","18425"
"2023-02-14T00:00:00.000","PLATINUM - NEW YORK MERCANTILE EXCHANGE","076651","66197","16784","20554"
"2023-02-14T00:00:00.000","PALLADIUM - NEW YORK MERCANTILE EXCHANGE","075651","13135","1601","6234"
"2023-02-21T00:00:00.000","PALLADIUM - NEW YORK MERCANTILE EXCHANGE","075651","11943","1567","6165"
"2023-02-21T00:00:00.000","PLATINUM - NEW YORK MERCANTILE EXCHANGE","076651","67499","16244","22945"
"2023-02-28T00:00:00.000","PALLADIUM - NEW YORK MERCANTILE EXCHANGE","075651","11770","1725","7277"
"2023-02-28T00:00:00.000","PLATINUM - NEW YORK MERCANTILE EXCHANGE","076651","68075","16654","20892"
"2023-03-07T00:00:00.000","PALLADIUM - NEW YORK MERCANTILE EXCHANGE","075651","12477","1748","8171"
"2023-03-07T00:00:00.000","PLATINUM - NEW YORK MERCANTILE EXCHANGE","076651","69721","18037","21586"
"2023-03-14T00:00:00.000","PALLADIUM - NEW YORK MERCANTILE EXCHANGE","075651","11828","1831","7625"
"2023-03-14T00:00:00.000","PLATINUM - NEW YORK MERCANTILE EXCHANGE","076651","66817","17453","14526"
"2023-03-21T00:00:00.000","PALLADIUM - NEW YORK MERCANTILE EXCHANGE","075651","11647","1233","7622"
"2023-03-21T00:00:00.000","PLATINUM - NEW YORK MERCANTILE EXCHANGE","076651","61416","15579","13506"
"2023-03-28T00:00:00.000","PALLADIUM - NEW YORK MERCANTILE EXCHANGE","075651","11514","1355","7327"
"2023-03-28T00:00:00.000","PLATINUM - NEW YORK MERCANTILE EXCHANGE","076651","57244","14302","12507"
"2023-04-04T00:00:00.000","PALLADIUM - NEW YORK MERCANTILE EXCHANGE","075651","11820","1292","6994"
"2023-04-04T00:00:00.000","PLATINUM - NEW YORK MERCANTILE EXCHANGE","076651","59156","20342","12157"
"2023-04-11T00:00:00.000","PALLADIUM - NEW YORK MERCANTILE EXCHANGE","075651","12290","1216","7394"
"2023-04-11T00:00:00.000","PLATINUM - NEW YORK MERCANTILE EXCHANGE","076651","60115","19247","14191"
"2023-04-18T00:00:00.000","PALLADIUM - NEW YORK MERCANTILE EXCHANGE","075651","11848","1591","6283"
"2023-04-18T00:00:00.000","PLATINUM - NEW YORK MERCANTILE EXCHANGE","076651","63794","24979","7467"
"2023-04-25T00:00:00.000","PALLADIUM - NEW YORK MERCANTILE EXCHANGE","075651","12270","1291","6039"
"2023-04-25T00:00:00.000","PLATINUM - NEW YORK MERCANTILE EXCHANGE","076651","72125","30770","6849"
"2023-05-02T00:00:00.000","PALLADIUM - NEW YORK MERCANTILE EXCHANGE","075651","13116","1177","6563"
"2023-05-02T00:00:00.000","PLATINUM - NEW YORK MERCANTILE EXCHANGE","076651","73591","30121","9759"
"2023-05-09T00:00:00.000","PALLADIUM - NEW YORK MERCANTILE EXCHANGE","075651","13295","1509","6275"
"2023-05-09T00:00:00.000","PLATINUM - NEW YORK MERCANTILE EXCHANGE","076651","74125","30789","9407"
"2023-05-16T00:00:00.000","PALLADIUM - NEW YORK MERCANTILE EXCHANGE","075651","12761","1486","5502"
"2023-05-16T00:00:00.000","PLATINUM - NEW YORK MERCANTILE EXCHANGE","076651","73410","29933","10942"
"2023-05-23T00:00:00.000","PALLADIUM - NEW YORK MERCANTILE EXCHANGE","075651","11138","1490","5873"
"2023-05-23T00:00:00.000","PLATINUM - NEW YORK MERCANTILE EXCHANGE","076651","73079","32006","10412"
"2023-05-30T00:00:00.000","PALLADIUM - NEW YORK MERCANTILE EXCHANGE","075651","10658","1250","6597"
"2023-05-30T00:00:00.000","PLATINUM - NEW YORK MERCANTILE EXCHANGE","076651","69929","28137","11295"
"2023-06-06T00:00:00.000","PALLADIUM - NEW YORK MERCANTILE EXCHANGE","075651","11541","1544","7622"
"2023-06-06T00:00:00.000","PLATINUM - NEW YORK MERCANTILE EXCHANGE","076651","67537","26560","8356"
"2023-06-13T00:00:00.000","PALLADIUM - NEW YORK MERCANTILE EXCHANGE","075651","12807","2120","8672"
"2023-06-13T00:00:00.000","PLATINUM - NEW YORK MERCANTILE EXCHANGE","076651","69851","23938","10576"
"2023-06-20T00:00:00.000","PALLADIUM - NEW YORK MERCANTILE EXCHANGE","075651","12304","2113","8004"
"2023-06-20T00:00:00.000","PLATINUM - NEW YORK MERCANTILE EXCHANGE","076651","69436","23277","11865"
"2023-06-27T00:00:00.000","PALLADIUM - NEW YORK MERCANTILE EXCHANGE","075651","13737","2408","9098"
"2023-06-27T00:00:00.000","PLATINUM - NEW YORK MERCANTILE EXCHANGE","076651","68517","22395","20339"
"2023-07-03T00:00:00.000","PALLADIUM - NEW YORK MERCANTILE EXCHANGE","075651","14781","2526","10080"
"2023-07-03T00:00:00.000","PLATINUM - NEW YORK MERCANTILE EXCHANGE","076651","69383","23032","26580"
"2023-07-11T00:00:00.000","PALLADIUM - NEW YORK MERCANTILE EXCHANGE","075651","15772","2809","10708"
"2023-07-11T00:00:00.000","PLATINUM - NEW YORK MERCANTILE EXCHANGE","076651","71007","24444","29083"
"2023-07-18T00:00:00.000","PALLADIUM - NEW YORK MERCANTILE EXCHANGE","075651","16017","3126","10889"
"2023-07-18T00:00:00.000","PLATINUM - NEW YORK MERCANTILE EXCHANGE","076651","65834","26535","19854"
"2023-07-25T00:00:00.000","PLATINUM - NEW YORK MERCANTILE EXCHANGE","076651","64197","24537","17843"
"2023-07-25T00:00:00.000","PALLADIUM - NEW YORK MERCANTILE EXCHANGE","075651","16760","3145","10965"
"2023-08-01T00:00:00.000","PLATINUM - NEW YORK MERCANTILE EXCHANGE","076651","68875","26219","22936"
"2023-08-01T00:00:00.000","PALLADIUM - NEW YORK MERCANTILE EXCHANGE","075651","18706","3257","12106"
"2023-08-08T00:00:00.000","PLATINUM - NEW YORK MERCANTILE EXCHANGE","076651","79989","26749","35183"
"2023-08-08T00:00:00.000","PALLADIUM - NEW YORK MERCANTILE EXCHANGE","075651","20470","3303","13014"
"2023-08-15T00:00:00.000","PALLADIUM - NEW YORK MERCANTILE EXCHANGE","075651","20511","3571","12107"
"2023-08-15T00:00:00.000","PLATINUM - NEW YORK MERCANTILE EXCHANGE","076651","84557","27634","40919"
"2023-08-22T00:00:00.000","PALLADIUM - NEW YORK MERCANTILE EXCHANGE","075651","20242","3547","12184"
"2023-08-22T00:00:00.000","PLATINUM - NEW YORK MERCANTILE EXCHANGE","076651","82331","29382","40655"
"2023-08-29T00:00:00.000","PALLADIUM - NEW YORK MERCANTILE EXCHANGE","075651","16810","3307","12714"
"2023-08-29T00:00:00.000","PLATINUM - NEW YORK MERCANTILE EXCHANGE","076651","75619","30735","25089"
"2023-09-05T00:00:00.000","PALLADIUM - NEW YORK MERCANTILE EXCHANGE","075651","17644","3253","13849"
"2023-09-05T00:00:00.000","PLATINUM - NEW YORK MERCANTILE EXCHANGE","076651","68721","25611","19145"
"2023-09-12T00:00:00.000","PALLADIUM - NEW YORK MERCANTILE EXCHANGE","075651","17838","3722","13985"
"2023-09-12T00:00:00.000","PLATINUM - NEW YORK MERCANTILE EXCHANGE","076651","87021","28830","34530"
"2023-09-19T00:00:00.000","PALLADIUM - NEW YORK MERCANTILE EXCHANGE","075651","16987","3496","12998"
"2023-09-19T00:00:00.000","PLATINUM - NEW YORK MERCANTILE EXCHANGE","076651","82379","30136","29838"
"2023-09-26T00:00:00.000","PALLADIUM - NEW YORK MERCANTILE EXCHANGE","075651","18004","3494","12894"
"2023-09-26T00:00:00.000","PLATINUM - NEW YORK MERCANTILE EXCHANGE","076651","72957","28180","30464"
"2023-10-03T00:00:00.000","PALLADIUM - NEW YORK MERCANTILE EXCHANGE","075651","18421","3372","12189"
"2023-10-03T00:00:00.000","PLATINUM - NEW YORK MERCANTILE EXCHANGE","076651","81529","29964","40141"
"2023-10-10T00:00:00.000","PALLADIUM - NEW YORK MERCANTILE EXCHANGE","075651","20663","3755","14210"
"2023-10-10T00:00:00.000","PLATINUM - NEW YORK MERCANTILE EXCHANGE","076651","82751","29967","42874"
"2023-10-17T00:00:00.000","PALLADIUM - NEW YORK MERCANTILE EXCHANGE","075651","21304","3555","14555"
"2023-10-17T00:00:00.000","PLATINUM - NEW YORK MERCANTILE EXCHANGE","076651","84292","30841","43194"
"2023-10-24T00:00:00.000","PALLADIUM - NEW YORK MERCANTILE EXCHANGE","075651","22459","3881","14623"
"2023-10-24T00:00:00.000","PLATINUM - NEW YORK MERCANTILE EXCHANGE","076651","84610","31029","43241"
"2023-10-31T00:00:00.000","PALLADIUM - NEW YORK MERCANTILE EXCHANGE","075651","22943","4139","14063"
"2023-10-31T00:00:00.000","PLATINUM - NEW YORK MERCANTILE EXCHANGE","076651","74768","32290","29190"
"2023-11-07T00:00:00.000","PALLADIUM - NEW YORK MERCANTILE EXCHANGE","075651","25310","4178","14680"
"2023-11-07T00:00:00.000","PLATINUM - NEW YORK MERCANTILE EXCHANGE","076651","73613","28419","30276"
"2023-11-14T00:00:00.000","PALLADIUM - NEW YORK MERCANTILE EXCHANGE","075651","27381","4648","15593"
"2023-11-14T00:00:00.000","PLATINUM - NEW YORK MERCANTILE EXCHANGE","076651","85870","28138","45391"
"2023-11-21T00:00:00.000","PALLADIUM - NEW YORK MERCANTILE EXCHANGE","075651","25834","4565","13938"
"2023-11-21T00:00:00.000","PLATINUM - NEW YORK MERCANTILE EXCHANGE","076651","73431","28125","29260"
"2023-11-28T00:00:00.000","PLATINUM - NEW YORK MERCANTILE EXCHANGE","076651","70437","28837","23999"
"2023-11-28T00:00:00.000","PALLADIUM - NEW YORK MERCANTILE EXCHANGE","075651","19904","4262","13476"
"2023-12-05T00:00:00.000","PALLADIUM - NEW YORK MERCANTILE EXCHANGE","075651","21271","4056","14679"
"2023-12-05T00:00:00.000","PLATINUM - NEW YORK MERCANTILE EXCHANGE","076651","75508","26066","27946"
"2023-12-12T00:00:00.000","PALLADIUM - NEW YORK MERCANTILE EXCHANGE","075651","21309","4255","14307"
"2023-12-12T00:00:00.000","PLATINUM - NEW YORK MERCANTILE EXCHANGE","076651","74004","24465","25188"
"2023-12-19T00:00:00.000","PALLADIUM - NEW YORK MERCANTILE EXCHANGE","075651","17084","3888","10534"
"2023-12-19T00:00:00.000","PLATINUM - NEW YORK MERCANTILE EXCHANGE","076651","72263","29601","18867"
"2023-12-26T00:00:00.000","PALLADIUM - NEW YORK MERCANTILE EXCHANGE","075651","16495","3564","9479"
"2023-12-26T00:00:00.000","PLATINUM - NEW YORK MERCANTILE EXCHANGE","076651","70953","33576","17019"
"2024-01-02T00:00:00.000","PALLADIUM - NEW YORK MERCANTILE EXCHANGE","075651","16345","3057","9399"
"2024-01-02T00:00:00.000","PLATINUM - NEW YORK MERCANTILE EXCHANGE","076651","73883","39920","16658"
"2024-01-09T00:00:00.000","PALLADIUM - NEW YORK MERCANTILE EXCHANGE","075651","18111","2875","11039"
"2024-01-09T00:00:00.000","PLATINUM - NEW YORK MERCANTILE EXCHANGE","076651","71940","36675","19702"
"2024-01-16T00:00:00.000","PALLADIUM - NEW YORK MERCANTILE EXCHANGE","075651","20403","2556","13330"
"2024-01-16T00:00:00.000","PLATINUM - NEW YORK MERCANTILE EXCHANGE","076651","75103","28256","27637"
"2024-01-23T00:00:00.000","PALLADIUM - NEW YORK MERCANTILE EXCHANGE","075651","22317","3181","14424"
"2024-01-23T00:00:00.000","PLATINUM - NEW YORK MERCANTILE EXCHANGE","076651","79394","28768","35551"
"2024-01-30T00:00:00.000","PALLADIUM - NEW YORK MERCANTILE EXCHANGE","075651","23667","3709","14109"
"2024-01-30T00:00:00.000","PLATINUM - NEW YORK MERCANTILE EXCHANGE","076651","74321","28708","29885"
"2024-02-06T00:00:00.000","PALLADIUM - NEW YORK MERCANTILE EXCHANGE","075651","24581","3738","14343"
"2024-02-06T00:00:00.000","PLATINUM - NEW YORK MERCANTILE EXCHANGE","076651","77077","28903","33651"
"2024-02-13T00:00:00.000","PALLADIUM - NEW YORK MERCANTILE EXCHANGE","075651","27855","2732","15875"
"2024-02-13T00:00:00.000","PLATINUM - NEW YORK MERCANTILE EXCHANGE","076651","93019","31921","45862"
"2024-02-20T00:00:00.000","PALLADIUM - NEW YORK MERCANTILE EXCHANGE","075651","24726","2973","15127"
"2024-02-20T00:00:00.000","PLATINUM - NEW YORK MERCANTILE EXCHANGE","076651","87861","35879","41732"
"2024-02-27T00:00:00.000","PALLADIUM - NEW YORK MERCANTILE EXCHANGE","075651","21311","3278","14828"
"2024-02-27T00:00:00.000","PLATINUM - NEW YORK MERCANTILE EXCHANGE","076651","87889","32044","43490"
"2024-03-05T00:00:00.000","PALLADIUM - NEW YORK MERCANTILE EXCHANGE","075651","21297","3335","15705"
"2024-03-05T00:00:00.000","PLATINUM - NEW YORK MERCANTILE EXCHANGE","076651","96814","30102","50526"
"2024-03-12T00:00:00.000","PALLADIUM - NEW YORK MERCANTILE EXCHANGE","075651","19970","3767","14295"
"2024-03-12T00:00:00.000","PLATINUM - NEW YORK MERCANTILE EXCHANGE","076651","86082","30539","33699"
"2024-03-19T00:00:00.000","PALLADIUM - NEW YORK MERCANTILE EXCHANGE","075651","19369","3640","13802"
"2024-03-19T00:00:00.000","PLATINUM - NEW YORK MERCANTILE EXCHANGE","076651","86155","28733","32629"
"2024-03-26T00:00:00.000","PALLADIUM - NEW YORK MERCANTILE EXCHANGE","075651","19224","3650","13757"
"2024-03-26T00:00:00.000","PLATINUM - NEW YORK MERCANTILE EXCHANGE","076651","80677","28246","31750"
"2024-04-02T00:00:00.000","PALLADIUM - NEW YORK MERCANTILE EXCHANGE","075651","19665","3801","14506"
"2024-04-02T00:00:00.000","PLATINUM - NEW YORK MERCANTILE EXCHANGE","076651","80099","32220","33234"
"2024-04-09T00:00:00.000","PALLADIUM - NEW YORK MERCANTILE EXCHANGE","075651","20549","4254","13848"
"2024-04-09T00:00:00.000","PLATINUM - NEW YORK MERCANTILE EXCHANGE","076651","81425","38980","27405"
"2024-04-16T00:00:00.000","PALLADIUM - NEW YORK MERCANTILE EXCHANGE","075651","20839","3672","13206"
"2024-04-16T00:00:00.000","PLATINUM - NEW YORK MERCANTILE EXCHANGE","076651","81834","39874","29707"
"2024-04-23T00:00:00.000","PLATINUM - NEW YORK MERCANTILE EXCHANGE","076651","83696","30952","36211"
"2024-04-23T00:00:00.000","PALLADIUM - NEW YORK MERCANTILE EXCHANGE","075651","20888","3741","13480"
"2024-04-30T00:00:00.000","PALLADIUM - NEW YORK MERCANTILE EXCHANGE","075651","23638","3299","15153"
"2024-04-30T00:00:00.000","PLATINUM - NEW YORK MERCANTILE EXCHANGE","076651","80142","28012","32546"
"2024-05-07T00:00:00.000","PALLADIUM - NEW YORK MERCANTILE EXCHANGE","075651","25749","3739","15552"
"2024-05-07T00:00:00.000","PLATINUM - NEW YORK MERCANTILE EXCHANGE","076651","80677","32293","28107"
"2024-05-14T00:00:00.000","PALLADIUM - NEW YORK MERCANTILE EXCHANGE","075651","27396","3802","15696"
"2024-05-14T00:00:00.000","PLATINUM - NEW YORK MERCANTILE EXCHANGE","076651","87175","39719","23184"
"2024-05-21T00:00:00.000","PALLADIUM - NEW YORK MERCANTILE EXCHANGE","075651","26143","3993","15287"
"2024-05-21T00:00:00.000","PLATINUM - NEW YORK MERCANTILE EXCHANGE","076651","92741","43960","25641"
"2024-05-28T00:00:00.000","PALLADIUM - NEW YORK MERCANTILE EXCHANGE","075651","23592","3558","16012"
"2024-05-28T00:00:00.000","PLATINUM - NEW YORK MERCANTILE EXCHANGE","076651","93588","43897","25332"
"2024-06-04T00:00:00.000","PALLADIUM - NEW YORK MERCANTILE EXCHANGE","075651","24911","4119","18474"
"2024-06-04T00:00:00.000","PLATINUM - NEW YORK MERCANTILE EXCHANGE","076651","96267","42633","29217"
"2024-06-11T00:00:00.000","PALLADIUM - NEW YORK MERCANTILE EXCHANGE","075651","26440","3879","19882"
"2024-06-11T00:00:00.000","PLATINUM - NEW YORK MERCANTILE EXCHANGE","076651","89976","33933","28074"
"2024-06-18T00:00:00.000","PALLADIUM - NEW YORK MERCANTILE EXCHANGE","075651","28928","5458","21580"
"2024-06-18T00:00:00.000","PLATINUM - NEW YORK MERCANTILE EXCHANGE","076651","87632","30037","24906"
"2024-06-25T00:00:00.000","PALLADIUM - NEW YORK MERCANTILE EXCHANGE","075651","27002","4812","19750"
"2024-06-25T00:00:00.000","PLATINUM - NEW YORK MERCANTILE EXCHANGE","076651","76816","30739","19488"
"2024-07-02T00:00:00.000","PALLADIUM - NEW YORK MERCANTILE EXCHANGE","075651","25450","5270","17054"
"2024-07-02T00:00:00.000","PLATINUM - NEW YORK MERCANTILE EXCHANGE","076651","76572","32325","17183"
"2024-07-09T00:00:00.000","PALLADIUM - NEW YORK MERCANTILE EXCHANGE","075651","23477","3946","14087"
"2024-07-09T00:00:00.000","PLATINUM - NEW YORK MERCANTILE EXCHANGE","076651","81837","33689","20309"
"2024-07-16T00:00:00.000","PALLADIUM - NEW YORK MERCANTILE EXCHANGE","075651","24616","3679","15063"
"2024-07-16T00:00:00.000","PLATINUM - NEW YORK MERCANTILE EXCHANGE","076651","83416","35739","21757"
"2024-07-23T00:00:00.000","PALLADIUM - NEW YORK MERCANTILE EXCHANGE","075651","27984","5084","19703"
"2024-07-23T00:00:00.000","PLATINUM - NEW YORK MERCANTILE EXCHANGE","076651","80402","26442","24809"
"2024-07-30T00:00:00.000","PALLADIUM - NEW YORK MERCANTILE EXCHANGE","075651","30609","5845","21651"
"2024-07-30T00:00:00.000","PLATINUM - NEW YORK MERCANTILE EXCHANGE","076651","78760","27834","24620"
"2024-08-06T00:00:00.000","PALLADIUM - NEW YORK MERCANTILE EXCHANGE","075651","30871","5386","21669"
"2024-08-06T00:00:00.000","PLATINUM - NEW YORK MERCANTILE EXCHANGE","076651","81153","29630","30192"
"2024-08-13T00:00:00.000","PALLADIUM - NEW YORK MERCANTILE EXCHANGE","075651","29294","5128","20190"
"2024-08-13T00:00:00.000","PLATINUM - NEW YORK MERCANTILE EXCHANGE","076651","81605","30542","31267"
"2024-08-20T00:00:00.000","PALLADIUM - NEW YORK MERCANTILE EXCHANGE","075651","28416","4631","19540"
"2024-08-20T00:00:00.000","PLATINUM - NEW YORK MERCANTILE EXCHANGE","076651","81395","29723","28692"
"2024-08-27T00:00:00.000","PALLADIUM - NEW YORK MERCANTILE EXCHANGE","075651","25729","3907","17662"
"2024-08-27T00:00:00.000","PLATINUM - NEW YORK MERCANTILE EXCHANGE","076651","77082","28450","24683"
"2024-09-03T00:00:00.000","PALLADIUM - NEW YORK MERCANTILE EXCHANGE","075651","22098","3187","15967"
"2024-09-03T00:00:00.000","PLATINUM - NEW YORK MERCANTILE EXCHANGE","076651","87185","26381","35672"
"2024-09-10T00:00:00.000","PALLADIUM - NEW YORK MERCANTILE EXCHANGE","075651","22244","3288","15683"
"2024-09-10T00:00:00.000","PLATINUM - NEW YORK MERCANTILE EXCHANGE","076651","84729","27851","32249"
"2024-09-17T00:00:00.000","PALLADIUM - NEW YORK MERCANTILE EXCHANGE","075651","18710","3243","9895"
"2024-09-17T00:00:00.000","PLATINUM - NEW YORK MERCANTILE EXCHANGE","076651","79134","27339","16684"
"2024-09-24T00:00:00.000","PALLADIUM - NEW YORK MERCANTILE EXCHANGE","075651","18970","4060","10061"
"2024-09-24T00:00:00.000","PLATINUM - NEW YORK MERCANTILE EXCHANGE","076651","75168","32120","17060"
"2024-10-01T00:00:00.000","PALLADIUM - NEW YORK MERCANTILE EXCHANGE","075651","18462","3396","11167"
"2024-10-01T00:00:00.000","PLATINUM - NEW YORK MERCANTILE EXCHANGE","076651","72633","34087","15397"
"2024-10-08T00:00:00.000","PALLADIUM - NEW YORK MERCANTILE EXCHANGE","075651","18120","3059","11154"
"2024-10-08T00:00:00.000","PLATINUM - NEW YORK MERCANTILE EXCHANGE","076651","76979","32361","18913"
"2024-10-15T00:00:00.000","PALLADIUM - NEW YORK MERCANTILE EXCHANGE","075651","17733","2926","9847"
"2024-10-15T00:00:00.000","PLATINUM - NEW YORK MERCANTILE EXCHANGE","076651","72967","32093","15534"
"2024-10-22T00:00:00.000","PALLADIUM - NEW YORK MERCANTILE EXCHANGE","075651","17264","3095","8580"
"2024-10-22T00:00:00.000","PLATINUM - NEW YORK MERCANTILE EXCHANGE","076651","81497","38851","15175"
"2024-10-29T00:00:00.000","PALLADIUM - NEW YORK MERCANTILE EXCHANGE","075651","17810","4988","6758"
"2024-10-29T00:00:00.000","PLATINUM - NEW YORK MERCANTILE EXCHANGE","076651","86344","45237","16022"
"2024-11-05T00:00:00.000","PALLADIUM - NEW YORK MERCANTILE EXCHANGE","075651","18297","4646","7346"
"2024-11-05T00:00:00.000","PLATINUM - NEW YORK MERCANTILE EXCHANGE","076651","85562","41256","19422"
"2024-11-12T00:00:00.000","PALLADIUM - NEW YORK MERCANTILE EXCHANGE","075651","18417","2682","9492"
"2024-11-12T00:00:00.000","PLATINUM - NEW YORK MERCANTILE EXCHANGE","076651","88887","38129","24903"
"2024-11-19T00:00:00.000","PALLADIUM - NEW YORK MERCANTILE EXCHANGE","075651","18127","2624","10311"
"2024-11-19T00:00:00.000","PLATINUM - NEW YORK MERCANTILE EXCHANGE","076651","88953","39570","27084"
"2024-11-26T00:00:00.000","PALLADIUM - NEW YORK MERCANTILE EXCHANGE","075651","15350","2959","9592"
"2024-11-26T00:00:00.000","PLATINUM - NEW YORK MERCANTILE EXCHANGE","076651","92361","37590","30622"
"2024-12-03T00:00:00.000","PALLADIUM - NEW YORK MERCANTILE EXCHANGE","075651","15655","3159","10319"
"2024-12-03T00:00:00.000","PLATINUM - NEW YORK MERCANTILE EXCHANGE","076651","94662","37998","30446"
"2024-12-10T00:00:00.000","PALLADIUM - NEW YORK MERCANTILE EXCHANGE","075651","15617","2850","10570"
"2024-12-10T00:00:00.000","PLATINUM - NEW YORK MERCANTILE EXCHANGE","076651","97656","37260","33520"
"2024-12-17T00:00:00.000","PALLADIUM - NEW YORK MERCANTILE EXCHANGE","075651","16822","3145","12122"
"2024-12-17T00:00:00.000","PLATINUM - NEW YORK MERCANTILE EXCHANGE","076651","97942","38723","38300"
"2024-12-24T00:00:00.000","PALLADIUM - NEW YORK MERCANTILE EXCHANGE","075651","18504","3470","13812"
"2024-12-24T00:00:00.000","PLATINUM - NEW YORK MERCANTILE EXCHANGE","076651","91990","40215","38674"
"2024-12-31T00:00:00.000","PALLADIUM - NEW YORK MERCANTILE EXCHANGE","075651","19829","3304","14739"
"2024-12-31T00:00:00.000","PLATINUM - NEW YORK MERCANTILE EXCHANGE","076651","89197","34151","42550"
"2025-01-07T00:00:00.000","PALLADIUM - NEW YORK MERCANTILE EXCHANGE","075651","21240","3479","16163"
"2025-01-07T00:00:00.000","PLATINUM - NEW YORK MERCANTILE EXCHANGE","076651","84617","39742","34753"
"2025-01-14T00:00:00.000","PALLADIUM - NEW YORK MERCANTILE EXCHANGE","075651","20339","3562","15320"
"2025-01-14T00:00:00.000","PLATINUM - NEW YORK MERCANTILE EXCHANGE","076651","75049","33752","26572"
"2025-01-21T00:00:00.000","PALLADIUM - NEW YORK MERCANTILE EXCHANGE","075651","19039","3236","14125"
"2025-01-21T00:00:00.000","PLATINUM - NEW YORK MERCANTILE EXCHANGE","076651","75574","32512","30671"
"2025-01-28T00:00:00.000","PALLADIUM - NEW YORK MERCANTILE EXCHANGE","075651","17033","2752","11330"
"2025-01-28T00:00:00.000","PLATINUM - NEW YORK MERCANTILE EXCHANGE","076651","76105","31973","29463"
"2025-02-04T00:00:00.000","PALLADIUM - NEW YORK MERCANTILE EXCHANGE","075651","17168","3259","10164"
"2025-02-04T00:00:00.000","PLATINUM - NEW YORK MERCANTILE EXCHANGE","076651","73237","33551","22066"
"2025-02-11T00:00:00.000","PALLADIUM - NEW YORK MERCANTILE EXCHANGE","075651","20106","3641","11720"
"2025-02-11T00:00:00.000","PLATINUM - NEW YORK MERCANTILE EXCHANGE","076651","82571","41275","21721"
"2025-02-18T00:00:00.000","PALLADIUM - NEW YORK MERCANTILE EXCHANGE","075651","20311","3749","10882"
"2025-02-18T00:00:00.000","PLATINUM - NEW YORK MERCANTILE EXCHANGE","076651","88270","45547","26714"
"2025-02-25T00:00:00.000","PALLADIUM - NEW YORK MERCANTILE EXCHANGE","075651","18860","3232","13392"
"2025-02-25T00:00:00.000","PLATINUM - NEW YORK MERCANTILE EXCHANGE","076651","84790","39131","30663"
"2025-03-04T00:00:00.000","PALLADIUM - NEW YORK MERCANTILE EXCHANGE","075651","19942","3829","15279"
"2025-03-04T00:00:00.000","PLATINUM - NEW YORK MERCANTILE EXCHANGE","076651","79207","32503","29543"
"2025-03-11T00:00:00.000","PALLADIUM - NEW YORK MERCANTILE EXCHANGE","075651","20172","3978","15825"
"2025-03-11T00:00:00.000","PLATINUM - NEW YORK MERCANTILE EXCHANGE","076651","79390","30114","26410"
"2025-03-18T00:00:00.000","PALLADIUM - NEW YORK MERCANTILE EXCHANGE","075651","19999","4179","15861"
"2025-03-18T00:00:00.000","PLATINUM - NEW YORK MERCANTILE EXCHANGE","076651","80614","36458","21414"
"2025-03-25T00:00:00.000","PALLADIUM - NEW YORK MERCANTILE EXCHANGE","075651","20537","4473","15955"
"2025-03-25T00:00:00.000","PLATINUM - NEW YORK MERCANTILE EXCHANGE","076651","80688","33493","30042"
"2025-04-01T00:00:00.000","PALLADIUM - NEW YORK MERCANTILE EXCHANGE","075651","19975","4923","14584"
"2025-04-01T00:00:00.000","PLATINUM - NEW YORK MERCANTILE EXCHANGE","076651","78874","33326","30313"
"2025-04-08T00:00:00.000","PALLADIUM - NEW YORK MERCANTILE EXCHANGE","075651","22372","3436","16997"
"2025-04-08T00:00:00.000","PLATINUM - NEW YORK MERCANTILE EXCHANGE","076651","81948","25299","40165"
"2025-04-15T00:00:00.000","PALLADIUM - NEW YORK MERCANTILE EXCHANGE","075651","20924","3066","16164"
"2025-04-15T00:00:00.000","PLATINUM - NEW YORK MERCANTILE EXCHANGE","076651","76375","25714","36131"
"2025-04-22T00:00:00.000","PALLADIUM - NEW YORK MERCANTILE EXCHANGE","075651","20459","2451","16009"
"2025-04-22T00:00:00.000","PLATINUM - NEW YORK MERCANTILE EXCHANGE","076651","77885","25939","35520"
"2025-04-29T00:00:00.000","PALLADIUM - NEW YORK MERCANTILE EXCHANGE","075651","20790","2558","16302"
"2025-04-29T00:00:00.000","PLATINUM - NEW YORK MERCANTILE EXCHANGE","076651","76812","28680","31492"
"2025-05-06T00:00:00.000","PALLADIUM - NEW YORK MERCANTILE EXCHANGE","075651","21543","3067","15450"
"2025-05-06T00:00:00.000","PLATINUM - NEW YORK MERCANTILE EXCHANGE","076651","77994","27814","31008"
"2025-05-13T00:00:00.000","PALLADIUM - NEW YORK MERCANTILE EXCHANGE","075651","21045","2533","15095"
"2025-05-13T00:00:00.000","PLATINUM - NEW YORK MERCANTILE EXCHANGE","076651","75977","24919","29211"
"2025-05-20T00:00:00.000","PALLADIUM - NEW YORK MERCANTILE EXCHANGE","075651","20078","3094","12263"
"2025-05-20T00:00:00.000","PLATINUM - NEW YORK MERCANTILE EXCHANGE","076651","82058","31875","26972"
"2025-05-27T00:00:00.000","PALLADIUM - NEW YORK MERCANTILE EXCHANGE","075651","18469","3661","11832"
"2025-05-27T00:00:00.000","PLATINUM - NEW YORK MERCANTILE EXCHANGE","076651","91884","41895","24316"
"2025-06-03T00:00:00.000","PALLADIUM - NEW YORK MERCANTILE EXCHANGE","075651","18110","3847","11636"
"2025-06-03T00:00:00.000","PLATINUM - NEW YORK MERCANTILE EXCHANGE","076651","95262","41711","30047"
"2025-06-10T00:00:00.000","PALLADIUM - NEW YORK MERCANTILE EXCHANGE","075651","19373","5190","10737"
"2025-06-10T00:00:00.000","PLATINUM - NEW YORK MERCANTILE EXCHANGE","076651","99722","42325","25410"
"2025-06-17T00:00:00.000","PALLADIUM - NEW YORK MERCANTILE EXCHANGE","075651","19464","5126","10449"
"2025-06-17T00:00:00.000","PLATINUM - NEW YORK MERCANTILE EXCHANGE","076651","105866","40287","25702"
"2025-06-24T00:00:00.000","PALLADIUM - NEW YORK MERCANTILE EXCHANGE","075651","19623","5490","10093"
"2025-06-24T00:00:00.000","PLATINUM - NEW YORK MERCANTILE EXCHANGE","076651","100778","40485","23480"
"2025-07-01T00:00:00.000","PALLADIUM - NEW YORK MERCANTILE EXCHANGE","075651","20751","5358","10423"
"2025-07-01T00:00:00.000","PLATINUM - NEW YORK MERCANTILE EXCHANGE","076651","91281","38232","25170"
"2025-07-08T00:00:00.000","PALLADIUM - NEW YORK MERCANTILE EXCHANGE","075651","20732","5420","10653"
"2025-07-08T00:00:00.000","PLATINUM - NEW YORK MERCANTILE EXCHANGE","076651","91757","38249","25981"
"2025-07-15T00:00:00.000","PALLADIUM - NEW YORK MERCANTILE EXCHANGE","075651","19867","5946","8948"
"2025-07-15T00:00:00.000","PLATINUM - NEW YORK MERCANTILE EXCHANGE","076651","91718","37918","26464"
"2025-07-22T00:00:00.000","PALLADIUM - NEW YORK MERCANTILE EXCHANGE","075651","20819","6256","8873"
"2025-07-22T00:00:00.000","PLATINUM - NEW YORK MERCANTILE EXCHANGE","076651","90701","38227","23105"
"2025-07-29T00:00:00.000","PALLADIUM - NEW YORK MERCANTILE EXCHANGE","075651","20417","6445","8484"
"2025-07-29T00:00:00.000","PLATINUM - NEW YORK MERCANTILE EXCHANGE","076651","88178","36926","21827"
"2025-08-05T00:00:00.000","PALLADIUM - NEW YORK MERCANTILE EXCHANGE","075651","19043","5699","8376"
"2025-08-05T00:00:00.000","PLATINUM - NEW YORK MERCANTILE EXCHANGE","076651","80547","32596","21955"
"2025-08-12T00:00:00.000","PALLADIUM - NEW YORK MERCANTILE EXCHANGE","075651","20191","5223","10119"
"2025-08-12T00:00:00.000","PLATINUM - NEW YORK MERCANTILE EXCHANGE","076651","81726","33638","22603"
"2025-08-19T00:00:00.000","PALLADIUM - NEW YORK MERCANTILE EXCHANGE","075651","20510","4869","10724"
"2025-08-19T00:00:00.000","PLATINUM - NEW YORK MERCANTILE EXCHANGE","076651","86155","35448","25068"
"2025-08-26T00:00:00.000","PALLADIUM - NEW YORK MERCANTILE EXCHANGE","075651","18920","3976","10590"
"2025-08-26T00:00:00.000","PLATINUM - NEW YORK MERCANTILE EXCHANGE","076651","85575","36095","22722"
"2025-09-02T00:00:00.000","PALLADIUM - NEW YORK MERCANTILE EXCHANGE","075651","18624","4426","10824"
"2025-09-02T00:00:00.000","PLATINUM - NEW YORK MERCANTILE EXCHANGE","076651","88805","38947","22863"
"2025-09-09T00:00:00.000","PALLADIUM - NEW YORK MERCANTILE EXCHANGE","075651","19480","5216","11182"
"2025-09-09T00:00:00.000","PLATINUM - NEW YORK MERCANTILE EXCHANGE","076651","94804","38262","26448"
"2025-09-16T00:00:00.000","PALLADIUM - NEW YORK MERCANTILE EXCHANGE","075651","19860","5443","10634"
"2025-09-16T00:00:00.000","PLATINUM - NEW YORK MERCANTILE EXCHANGE","076651","100289","39041","25955"
"2025-09-23T00:00:00.000","PALLADIUM - NEW YORK MERCANTILE EXCHANGE","075651","20282","5884","11060"
"2025-09-23T00:00:00.000","PLATINUM - NEW YORK MERCANTILE EXCHANGE","076651","97978","41493","22939"
"2025-09-30T00:00:00.000","PALLADIUM - NEW YORK MERCANTILE EXCHANGE","075651","21678","6872","11244"
"2025-09-30T00:00:00.000","PLATINUM - NEW YORK MERCANTILE EXCHANGE","076651","91091","43148","22235"
"2025-10-07T00:00:00.000","PALLADIUM - NEW YORK MERCANTILE EXCHANGE","075651","22771","7362","11425"
"2025-10-07T00:00:00.000","PLATINUM - NEW YORK MERCANTILE EXCHANGE","076651","90867","43633","24492"
"2025-10-14T00:00:00.000","PALLADIUM - NEW YORK MERCANTILE EXCHANGE","075651","21673","7076","8915"
"2025-10-14T00:00:00.000","PLATINUM - NEW YORK MERCANTILE EXCHANGE","076651","88642","41610","24661"
"2025-10-21T00:00:00.000","PALLADIUM - NEW YORK MERCANTILE EXCHANGE","075651","19487","6031","7323"
"2025-10-21T00:00:00.000","PLATINUM - NEW YORK MERCANTILE EXCHANGE","076651","81364","34083","22363"
"2025-10-28T00:00:00.000","PALLADIUM - NEW YORK MERCANTILE EXCHANGE","075651","19580","5920","7308"
"2025-10-28T00:00:00.000","PLATINUM - NEW YORK MERCANTILE EXCHANGE","076651","78306","32595","19370"
"2025-11-04T00:00:00.000","PALLADIUM - NEW YORK MERCANTILE EXCHANGE","075651","19711","6243","7304"
"2025-11-04T00:00:00.000","PLATINUM - NEW YORK MERCANTILE EXCHANGE","076651","78849","33518","19831"
"2025-11-10T00:00:00.000","PALLADIUM - NEW YORK MERCANTILE EXCHANGE","075651","20626","6948","7751"
"2025-11-10T00:00:00.000","PLATINUM - NEW YORK MERCANTILE EXCHANGE","076651","80545","34217","19024"
"2025-11-18T00:00:00.000","PALLADIUM - NEW YORK MERCANTILE EXCHANGE","075651","21274","6965","8240"
"2025-11-18T00:00:00.000","PLATINUM - NEW YORK MERCANTILE EXCHANGE","076651","83408","34034","20975"
"2025-11-25T00:00:00.000","PALLADIUM - NEW YORK MERCANTILE EXCHANGE","075651","19054","6487","7562"
"2025-11-25T00:00:00.000","PLATINUM - NEW YORK MERCANTILE EXCHANGE","076651","83676","33359","22304"
"2025-12-02T00:00:00.000","PALLADIUM - NEW YORK MERCANTILE EXCHANGE","075651","19913","7083","7797"
"2025-12-02T00:00:00.000","PLATINUM - NEW YORK MERCANTILE EXCHANGE","076651","87659","33419","23053"
"2025-12-09T00:00:00.000","PALLADIUM - NEW YORK MERCANTILE EXCHANGE","075651","20773","7832","7851"
"2025-12-09T00:00:00.000","PLATINUM - NEW YORK MERCANTILE EXCHANGE","076651","90356","37401","22507"
"2025-12-16T00:00:00.000","PALLADIUM - NEW YORK MERCANTILE EXCHANGE","075651","22061","8332","8039"
"2025-12-16T00:00:00.000","PLATINUM - NEW YORK MERCANTILE EXCHANGE","076651","97095","37551","21306"
"2025-12-23T00:00:00.000","PALLADIUM - NEW YORK MERCANTILE EXCHANGE","075651","22709","8039","8622"
"2025-12-23T00:00:00.000","PLATINUM - NEW YORK MERCANTILE EXCHANGE","076651","90330","26002","16486"
"2025-12-30T00:00:00.000","PALLADIUM - NEW YORK MERCANTILE EXCHANGE","075651","20593","6408","7479"
"2025-12-30T00:00:00.000","PLATINUM - NEW YORK MERCANTILE EXCHANGE","076651","82836","19182","14846"
"2026-01-06T00:00:00.000","PALLADIUM - NEW YORK MERCANTILE EXCHANGE","075651","19349","6689","6609"
"2026-01-06T00:00:00.000","PLATINUM - NEW YORK MERCANTILE EXCHANGE","076651","79050","19857","12740"
"2026-01-13T00:00:00.000","PALLADIUM - NEW YORK MERCANTILE EXCHANGE","075651","19483","6756","6772"
"2026-01-13T00:00:00.000","PLATINUM - NEW YORK MERCANTILE EXCHANGE","076651","78337","19499","11634"
"2026-01-20T00:00:00.000","PALLADIUM - NEW YORK MERCANTILE EXCHANGE","075651","19167","6554","6809"
"2026-01-20T00:00:00.000","PLATINUM - NEW YORK MERCANTILE EXCHANGE","076651","79009","18423","12925"
"2026-01-27T00:00:00.000","PALLADIUM - NEW YORK MERCANTILE EXCHANGE","075651","19123","6182","6725"
"2026-01-27T00:00:00.000","PLATINUM - NEW YORK MERCANTILE EXCHANGE","076651","79441","15649","13221"
"2026-02-03T00:00:00.000","PALLADIUM - NEW YORK MERCANTILE EXCHANGE","075651","17304","5815","5364"
"2026-02-03T00:00:00.000","PLATINUM - NEW YORK MERCANTILE EXCHANGE","076651","73590","13519","12242"
"2026-02-10T00:00:00.000","PALLADIUM - NEW YORK MERCANTILE EXCHANGE","075651","16538","5606","5084"
"2026-02-10T00:00:00.000","PLATINUM - NEW YORK MERCANTILE EXCHANGE","076651","69061","11708","10000"
"2026-02-17T00:00:00.000","PALLADIUM - NEW YORK MERCANTILE EXCHANGE","075651","16789","5589","5056"
"2026-02-17T00:00:00.000","PLATINUM - NEW YORK MERCANTILE EXCHANGE","076651","69291","12515","9089"
"2026-02-24T00:00:00.000","PALLADIUM - NEW YORK MERCANTILE EXCHANGE","075651","16423","5928","4844"
"2026-02-24T00:00:00.000","PLATINUM - NEW YORK MERCANTILE EXCHANGE","076651","72351","14174","9087"
"2026-03-03T00:00:00.000","PALLADIUM - NEW YORK MERCANTILE EXCHANGE","075651","16093","5979","5342"
"2026-03-03T00:00:00.000","PLATINUM - NEW YORK MERCANTILE EXCHANGE","076651","70154","15415","10496"
"2026-03-10T00:00:00.000","PALLADIUM - NEW YORK MERCANTILE EXCHANGE","075651","15679","5703","5355"
"2026-03-10T00:00:00.000","PLATINUM - NEW YORK MERCANTILE EXCHANGE","076651","68758","16286","8563"
"2026-03-17T00:00:00.000","PALLADIUM - NEW YORK MERCANTILE EXCHANGE","075651","15556","5559","5657"
"2026-03-17T00:00:00.000","PLATINUM - NEW YORK MERCANTILE EXCHANGE","076651","67292","17494","6656"
"2026-03-24T00:00:00.000","PALLADIUM - NEW YORK MERCANTILE EXCHANGE","075651","15069","4734","6246"
"2026-03-24T00:00:00.000","PLATINUM - NEW YORK MERCANTILE EXCHANGE","076651","61473","16788","4984"
"2026-03-31T00:00:00.000","PALLADIUM - NEW YORK MERCANTILE EXCHANGE","075651","15220","4578","6590"
"2026-03-31T00:00:00.000","PLATINUM - NEW YORK MERCANTILE EXCHANGE","076651","60515","16992","4556"
"2026-04-07T00:00:00.000","PALLADIUM - NEW YORK MERCANTILE EXCHANGE","075651","15187","4539","7080"
"2026-04-07T00:00:00.000","PLATINUM - NEW YORK MERCANTILE EXCHANGE","076651","59884","18166","4528"
"2026-04-14T00:00:00.000","PALLADIUM - NEW YORK MERCANTILE EXCHANGE","075651","14648","4732","6540"
"2026-04-14T00:00:00.000","PLATINUM - NEW YORK MERCANTILE EXCHANGE","076651","62452","20744","4120"
"2026-04-21T00:00:00.000","PALLADIUM - NEW YORK MERCANTILE EXCHANGE","075651","14921","4848","6634"
"2026-04-21T00:00:00.000","PLATINUM - NEW YORK MERCANTILE EXCHANGE","076651","61997","19974","4047"
"2026-04-28T00:00:00.000","PALLADIUM - NEW YORK MERCANTILE EXCHANGE","075651","15794","4782","7118"
"2026-04-28T00:00:00.000","PLATINUM - NEW YORK MERCANTILE EXCHANGE","076651","61055","18661","4586"
"2026-05-05T00:00:00.000","PALLADIUM - NEW YORK MERCANTILE EXCHANGE","075651","15985","4628","6566"
"2026-05-05T00:00:00.000","PLATINUM - NEW YORK MERCANTILE EXCHANGE","076651","60646","17356","4984"
"2026-05-12T00:00:00.000","PALLADIUM - NEW YORK MERCANTILE EXCHANGE","075651","17419","4698","6646"
"2026-05-12T00:00:00.000","PLATINUM - NEW YORK MERCANTILE EXCHANGE","076651","63375","19980","3869"
"2026-05-19T00:00:00.000","PALLADIUM - NEW YORK MERCANTILE EXCHANGE","075651","17259","4301","7034"
"2026-05-19T00:00:00.000","PLATINUM - NEW YORK MERCANTILE EXCHANGE","076651","62782","18813","5479"
"2026-05-26T00:00:00.000","PALLADIUM - NEW YORK MERCANTILE EXCHANGE","075651","16692","4126","7898"
"2026-05-26T00:00:00.000","PLATINUM - NEW YORK MERCANTILE EXCHANGE","076651","62711","18562","5737"
"2026-06-02T00:00:00.000","PALLADIUM - NEW YORK MERCANTILE EXCHANGE","075651","16284","4710","8201"
"2026-06-02T00:00:00.000","PLATINUM - NEW YORK MERCANTILE EXCHANGE","076651","65697","17644","5827"
"2026-06-09T00:00:00.000","PALLADIUM - NEW YORK MERCANTILE EXCHANGE","075651","17455","4700","9160"
"2026-06-09T00:00:00.000","PLATINUM - NEW YORK MERCANTILE EXCHANGE","076651","62457","15442","7168"
"2026-06-16T00:00:00.000","PALLADIUM - NEW YORK MERCANTILE EXCHANGE","075651","17011","5146","9465"
"2026-06-16T00:00:00.000","PLATINUM - NEW YORK MERCANTILE EXCHANGE","076651","62420","14700","6816"
"2026-06-23T00:00:00.000","PALLADIUM - NEW YORK MERCANTILE EXCHANGE","075651","17149","4783","9507"
"2026-06-23T00:00:00.000","PLATINUM - NEW YORK MERCANTILE EXCHANGE","076651","57738","14986","6329"
"2026-06-30T00:00:00.000","PALLADIUM - NEW YORK MERCANTILE EXCHANGE","075651","17847","4164","10133"
"2026-06-30T00:00:00.000","PLATINUM - NEW YORK MERCANTILE EXCHANGE","076651","53719","15752","7855"
"2026-07-07T00:00:00.000","PALLADIUM - NEW YORK MERCANTILE EXCHANGE","075651","17854","3622","10003"
"2026-07-07T00:00:00.000","PLATINUM - NEW YORK MERCANTILE EXCHANGE","076651","53645","14543","6958"
"2026-07-14T00:00:00.000","PALLADIUM - NEW YORK MERCANTILE EXCHANGE","075651","18578","4147","10374"
"2026-07-14T00:00:00.000","PLATINUM - NEW YORK MERCANTILE EXCHANGE","076651","53837","14866","6600"
"2026-07-21T00:00:00.000","PALLADIUM - NEW YORK MERCANTILE EXCHANGE","075651","18440","3966","10583"
"2026-07-21T00:00:00.000","PLATINUM - NEW YORK MERCANTILE EXCHANGE","076651","53721","14063","7840"
"2026-07-28T00:00:00.000","PALLADIUM - NEW YORK MERCANTILE EXCHANGE","075651","18699","4391","10564"
"2026-07-28T00:00:00.000","PLATINUM - NEW YORK MERCANTILE EXCHANGE","076651","53658","14114","7588"
"2026-08-04T00:00:00.000","PALLADIUM - NEW YORK MERCANTILE EXCHANGE","075651","18574","4523","9981"
"2026-08-04T00:00:00.000","PLATINUM - NEW YORK MERCANTILE EXCHANGE","076651","55848","16877","5917"
"2026-08-11T00:00:00.000","PALLADIUM - NEW YORK MERCANTILE EXCHANGE","075651","18194","4464","9411"
"2026-08-11T00:00:00.000","PLATINUM - NEW YORK MERCANTILE EXCHANGE","076651","56771","15103","7385"
"2026-08-18T00:00:00.000","PALLADIUM - NEW YORK MERCANTILE EXCHANGE","075651","18366","4032","9349"
"2026-08-18T00:00:00.000","PLATINUM - NEW YORK MERCANTILE EXCHANGE","076651","60129","15402","8188"
"2026-08-25T00:00:00.000","PALLADIUM - NEW YORK MERCANTILE EXCHANGE","075651","17496","4486","9985"
"2026-08-25T00:00:00.000","PLATINUM - NEW YORK MERCANTILE EXCHANGE","076651","64648","18664","8436"
"2026-09-01T00:00:00.000","PALLADIUM - NEW YORK MERCANTILE EXCHANGE","075651","16497","4626","9245"
"2026-09-01T00:00:00.000","PLATINUM - NEW YORK MERCANTILE EXCHANGE","076651","68059","17263","8578"
"2026-09-08T00:00:00.000","PALLADIUM - NEW YORK MERCANTILE EXCHANGE","075651","16773","4839","9178"
"2026-09-08T00:00:00.000","PLATINUM - NEW YORK MERCANTILE EXCHANGE","076651","67810","18167","8380"
